Year,CEB
-319,NA
-318,NA
-317,NA
-316,NA
-315,NA
-314,NA
-313,NA
-312,NA
-311,NA
-310,NA
-309,NA
-308,NA
-307,NA
-306,NA
-305,NA
-304,NA
-303,NA
-302,NA
-301,NA
-300,NA
-299,NA
-298,NA
-297,NA
-296,NA
-295,NA
-294,NA
-293,NA
-292,NA
-291,NA
-290,NA
-289,NA
-288,NA
-287,NA
-286,NA
-285,NA
-284,NA
-283,NA
-282,NA
-281,NA
-280,NA
-279,NA
-278,NA
-277,NA
-276,NA
-275,NA
-274,NA
-273,NA
-272,NA
-271,NA
-270,NA
-269,NA
-268,NA
-267,NA
-266,NA
-265,NA
-264,NA
-263,NA
-262,NA
-261,NA
-260,NA
-259,NA
-258,NA
-257,NA
-256,NA
-255,NA
-254,NA
-253,NA
-252,NA
-251,NA
-250,NA
-249,NA
-248,NA
-247,NA
-246,NA
-245,NA
-244,NA
-243,NA
-242,NA
-241,NA
-240,NA
-239,NA
-238,NA
-237,NA
-236,NA
-235,NA
-234,NA
-233,NA
-232,NA
-231,NA
-230,NA
-229,NA
-228,NA
-227,NA
-226,NA
-225,NA
-224,NA
-223,NA
-222,NA
-221,NA
-220,NA
-219,NA
-218,NA
-217,NA
-216,NA
-215,NA
-214,NA
-213,NA
-212,NA
-211,NA
-210,NA
-209,NA
-208,NA
-207,NA
-206,NA
-205,NA
-204,NA
-203,NA
-202,NA
-201,NA
-200,NA
-199,NA
-198,NA
-197,NA
-196,NA
-195,NA
-194,NA
-193,NA
-192,NA
-191,NA
-190,NA
-189,NA
-188,NA
-187,NA
-186,NA
-185,NA
-184,NA
-183,NA
-182,NA
-181,NA
-180,NA
-179,NA
-178,NA
-177,NA
-176,NA
-175,NA
-174,NA
-173,NA
-172,NA
-171,NA
-170,NA
-169,NA
-168,NA
-167,NA
-166,NA
-165,NA
-164,NA
-163,NA
-162,NA
-161,NA
-160,NA
-159,NA
-158,NA
-157,NA
-156,NA
-155,NA
-154,NA
-153,NA
-152,NA
-151,NA
-150,NA
-149,NA
-148,NA
-147,NA
-146,NA
-145,NA
-144,NA
-143,NA
-142,NA
-141,NA
-140,NA
-139,NA
-138,NA
-137,NA
-136,NA
-135,NA
-134,NA
-133,NA
-132,NA
-131,NA
-130,NA
-129,NA
-128,NA
-127,NA
-126,NA
-125,NA
-124,NA
-123,NA
-122,NA
-121,NA
-120,NA
-119,NA
-118,NA
-117,NA
-116,NA
-115,NA
-114,NA
-113,NA
-112,NA
-111,NA
-110,NA
-109,NA
-108,NA
-107,NA
-106,NA
-105,NA
-104,NA
-103,NA
-102,NA
-101,NA
-100,NA
-99,NA
-98,NA
-97,NA
-96,NA
-95,NA
-94,NA
-93,NA
-92,NA
-91,NA
-90,NA
-89,NA
-88,NA
-87,NA
-86,NA
-85,NA
-84,NA
-83,NA
-82,NA
-81,NA
-80,NA
-79,NA
-78,NA
-77,NA
-76,NA
-75,NA
-74,NA
-73,NA
-72,NA
-71,NA
-70,NA
-69,NA
-68,NA
-67,NA
-66,NA
-65,NA
-64,NA
-63,NA
-62,NA
-61,NA
-60,NA
-59,NA
-58,NA
-57,NA
-56,NA
-55,NA
-54,NA
-53,NA
-52,NA
-51,NA
-50,NA
-49,NA
-48,NA
-47,NA
-46,NA
-45,NA
-44,NA
-43,NA
-42,NA
-41,NA
-40,NA
-39,NA
-38,NA
-37,NA
-36,NA
-35,NA
-34,NA
-33,NA
-32,NA
-31,NA
-30,NA
-29,NA
-28,NA
-27,NA
-26,NA
-25,NA
-24,NA
-23,NA
-22,NA
-21,NA
-20,NA
-19,NA
-18,NA
-17,NA
-16,NA
-15,NA
-14,NA
-13,NA
-12,NA
-11,NA
-10,NA
-9,NA
-8,NA
-7,NA
-6,NA
-5,NA
-4,NA
-3,NA
-2,NA
-1,NA
0,NA
1,NA
2,NA
3,NA
4,NA
5,NA
6,NA
7,NA
8,NA
9,NA
10,NA
11,NA
12,NA
13,NA
14,NA
15,NA
16,NA
17,NA
18,NA
19,NA
20,NA
21,NA
22,NA
23,NA
24,NA
25,NA
26,NA
27,NA
28,NA
29,NA
30,NA
31,NA
32,NA
33,NA
34,NA
35,NA
36,NA
37,NA
38,NA
39,NA
40,NA
41,NA
42,NA
43,NA
44,NA
45,NA
46,NA
47,NA
48,NA
49,NA
50,NA
51,NA
52,NA
53,NA
54,NA
55,NA
56,NA
57,NA
58,NA
59,NA
60,NA
61,NA
62,NA
63,NA
64,NA
65,NA
66,NA
67,NA
68,NA
69,NA
70,NA
71,NA
72,NA
73,NA
74,NA
75,NA
76,NA
77,NA
78,NA
79,NA
80,NA
81,NA
82,NA
83,NA
84,NA
85,NA
86,NA
87,NA
88,NA
89,NA
90,NA
91,NA
92,NA
93,NA
94,NA
95,NA
96,NA
97,NA
98,NA
99,NA
100,NA
101,NA
102,NA
103,NA
104,NA
105,NA
106,NA
107,NA
108,NA
109,NA
110,NA
111,NA
112,NA
113,NA
114,NA
115,NA
116,NA
117,NA
118,NA
119,NA
120,NA
121,NA
122,NA
123,NA
124,NA
125,NA
126,NA
127,NA
128,NA
129,NA
130,NA
131,NA
132,NA
133,NA
134,NA
135,NA
136,NA
137,NA
138,NA
139,NA
140,NA
141,NA
142,NA
143,NA
144,NA
145,NA
146,NA
147,NA
148,NA
149,NA
150,NA
151,NA
152,NA
153,NA
154,NA
155,NA
156,NA
157,NA
158,NA
159,NA
160,NA
161,NA
162,NA
163,NA
164,NA
165,NA
166,NA
167,NA
168,NA
169,NA
170,NA
171,NA
172,NA
173,NA
174,NA
175,NA
176,NA
177,NA
178,NA
179,NA
180,NA
181,NA
182,NA
183,NA
184,NA
185,NA
186,NA
187,NA
188,NA
189,NA
190,NA
191,NA
192,NA
193,NA
194,NA
195,NA
196,NA
197,NA
198,NA
199,NA
200,NA
201,NA
202,NA
203,NA
204,NA
205,NA
206,NA
207,NA
208,NA
209,NA
210,NA
211,NA
212,NA
213,NA
214,NA
215,NA
216,NA
217,NA
218,NA
219,NA
220,NA
221,NA
222,NA
223,NA
224,NA
225,NA
226,NA
227,NA
228,NA
229,NA
230,NA
231,NA
232,NA
233,NA
234,NA
235,NA
236,NA
237,NA
238,NA
239,NA
240,NA
241,NA
242,NA
243,NA
244,NA
245,NA
246,NA
247,NA
248,NA
249,NA
250,NA
251,NA
252,NA
253,NA
254,NA
255,NA
256,NA
257,NA
258,NA
259,NA
260,NA
261,NA
262,NA
263,NA
264,NA
265,NA
266,NA
267,NA
268,NA
269,NA
270,NA
271,NA
272,NA
273,NA
274,NA
275,NA
276,NA
277,NA
278,NA
279,NA
280,NA
281,NA
282,NA
283,NA
284,NA
285,NA
286,NA
287,NA
288,NA
289,NA
290,NA
291,NA
292,NA
293,NA
294,NA
295,NA
296,NA
297,NA
298,NA
299,NA
300,NA
301,NA
302,NA
303,NA
304,NA
305,NA
306,NA
307,NA
308,NA
309,NA
310,NA
311,NA
312,NA
313,NA
314,NA
315,NA
316,NA
317,NA
318,NA
319,NA
320,NA
321,NA
322,NA
323,NA
324,NA
325,NA
326,NA
327,NA
328,NA
329,NA
330,NA
331,NA
332,NA
333,NA
334,NA
335,NA
336,NA
337,NA
338,NA
339,NA
340,NA
341,NA
342,NA
343,NA
344,NA
345,NA
346,NA
347,NA
348,NA
349,NA
350,NA
351,NA
352,NA
353,NA
354,NA
355,NA
356,NA
357,NA
358,NA
359,NA
360,NA
361,NA
362,NA
363,NA
364,NA
365,NA
366,NA
367,NA
368,NA
369,NA
370,NA
371,NA
372,NA
373,NA
374,NA
375,NA
376,NA
377,NA
378,NA
379,NA
380,NA
381,NA
382,NA
383,NA
384,NA
385,NA
386,NA
387,NA
388,NA
389,NA
390,NA
391,NA
392,NA
393,NA
394,NA
395,NA
396,NA
397,NA
398,NA
399,NA
400,NA
401,NA
402,NA
403,NA
404,NA
405,NA
406,NA
407,NA
408,NA
409,NA
410,NA
411,NA
412,NA
413,NA
414,NA
415,NA
416,NA
417,NA
418,NA
419,NA
420,NA
421,NA
422,NA
423,NA
424,NA
425,NA
426,NA
427,NA
428,NA
429,NA
430,NA
431,NA
432,NA
433,NA
434,NA
435,NA
436,NA
437,NA
438,NA
439,NA
440,NA
441,NA
442,NA
443,NA
444,NA
445,NA
446,NA
447,NA
448,NA
449,NA
450,NA
451,NA
452,NA
453,NA
454,NA
455,NA
456,NA
457,NA
458,NA
459,NA
460,NA
461,NA
462,NA
463,NA
464,NA
465,NA
466,NA
467,NA
468,NA
469,NA
470,NA
471,NA
472,NA
473,NA
474,NA
475,NA
476,NA
477,NA
478,NA
479,NA
480,NA
481,NA
482,NA
483,NA
484,NA
485,NA
486,NA
487,NA
488,NA
489,NA
490,NA
491,NA
492,NA
493,NA
494,NA
495,NA
496,NA
497,NA
498,NA
499,NA
500,NA
501,NA
502,NA
503,NA
504,NA
505,NA
506,NA
507,NA
508,NA
509,NA
510,NA
511,NA
512,NA
513,NA
514,NA
515,NA
516,NA
517,NA
518,NA
519,NA
520,NA
521,NA
522,NA
523,NA
524,NA
525,NA
526,NA
527,NA
528,NA
529,NA
530,NA
531,NA
532,NA
533,NA
534,NA
535,NA
536,NA
537,NA
538,NA
539,NA
540,NA
541,NA
542,NA
543,NA
544,NA
545,NA
546,NA
547,NA
548,NA
549,NA
550,NA
551,NA
552,NA
553,NA
554,NA
555,NA
556,NA
557,NA
558,NA
559,NA
560,NA
561,NA
562,NA
563,NA
564,NA
565,NA
566,NA
567,NA
568,NA
569,NA
570,NA
571,NA
572,NA
573,NA
574,NA
575,NA
576,NA
577,NA
578,NA
579,NA
580,NA
581,NA
582,NA
583,NA
584,NA
585,NA
586,NA
587,NA
588,NA
589,NA
590,NA
591,NA
592,NA
593,NA
594,NA
595,NA
596,NA
597,NA
598,NA
599,NA
600,NA
601,NA
602,NA
603,NA
604,NA
605,NA
606,NA
607,NA
608,NA
609,NA
610,NA
611,NA
612,NA
613,NA
614,NA
615,NA
616,NA
617,NA
618,NA
619,NA
620,NA
621,NA
622,NA
623,NA
624,NA
625,NA
626,NA
627,NA
628,NA
629,NA
630,NA
631,NA
632,NA
633,NA
634,NA
635,NA
636,NA
637,NA
638,NA
639,NA
640,NA
641,NA
642,NA
643,NA
644,NA
645,NA
646,NA
647,NA
648,NA
649,NA
650,NA
651,NA
652,NA
653,NA
654,NA
655,NA
656,NA
657,NA
658,NA
659,NA
660,NA
661,NA
662,NA
663,NA
664,NA
665,NA
666,NA
667,NA
668,NA
669,NA
670,NA
671,NA
672,NA
673,NA
674,NA
675,NA
676,NA
677,NA
678,NA
679,NA
680,NA
681,NA
682,NA
683,NA
684,NA
685,NA
686,NA
687,NA
688,NA
689,NA
690,NA
691,NA
692,NA
693,NA
694,NA
695,NA
696,NA
697,NA
698,NA
699,NA
700,1.46
701,0.9
702,1
703,0.78
704,0.67
705,0.24
706,0.27
707,0.68
708,1.3
709,1.05
710,0.96
711,0.31
712,0.31
713,0.92
714,1.39
715,1.08
716,1.24
717,1.35
718,0.19
719,1.2
720,1.98
721,1.22
722,1.08
723,0.48
724,0.21
725,0.9
726,1.28
727,0.71
728,0.88
729,1.53
730,1.31
731,1.71
732,1.94
733,1.26
734,1.25
735,0.74
736,0.84
737,0.81
738,0.68
739,0.32
740,0.92
741,0.84
742,0.38
743,0.32
744,1.06
745,1.18
746,0.76
747,1.02
748,0.68
749,1.62
750,1.27
751,0.46
752,0.6
753,0.52
754,0.64
755,0.9
756,0.84
757,0.6
758,0.69
759,0.9
760,0.68
761,1
762,0.72
763,1.54
764,1.12
765,1.38
766,1.78
767,1.45
768,1.72
769,0.93
770,0.11
771,0.68
772,1.63
773,1.54
774,0.48
775,0.37
776,0.87
777,1.12
778,1.2
779,1.29
780,1.51
781,0.63
782,0.47
783,0.76
784,1.53
785,1.06
786,1.07
787,1.31
788,1.46
789,1.12
790,1.21
791,1.18
792,1.71
793,0.86
794,0.78
795,0.62
796,0.84
797,0.25
798,0.68
799,0.92
800,1.31
801,0.99
802,1.2
803,0.88
804,1.19
805,1.21
806,1.93
807,0.43
808,0.92
809,0.26
810,1.1
811,1.09
812,1.89
813,1.48
814,1.25
815,1.44
816,0.29
817,0.51
818,0.14
819,0.72
820,1.76
821,2.09
822,1.72
823,0.6
824,1.15
825,0.79
826,1.1
827,1
828,1.13
829,0.2
830,1.02
831,1.28
832,0.95
833,1.08
834,0.73
835,0.95
836,0.86
837,0.28
838,0.35
839,0.99
840,0.28
841,1.41
842,1.18
843,1.48
844,0.74
845,1.03
846,0.2
847,0.31
848,0.72
849,0.4
850,0.5
851,0.8
852,1.3
853,0.81
854,1
855,0.56
856,1.61
857,0.67
858,1.51
859,0.84
860,1.32
861,1.01
862,1.39
863,1.04
864,0.76
865,0.9
866,0.75
867,0.48
868,0.09
869,0.8
870,0.26
871,1.56
872,0.73
873,0.89
874,0.62
875,0.87
876,1.42
877,0.97
878,0.34
879,0.55
880,0.53
881,1.08
882,0.69
883,0.68
884,0.16
885,0.81
886,1
887,1.42
888,0.94
889,0.73
890,1.58
891,0.99
892,0.56
893,1.7
894,0.98
895,0.84
896,1.28
897,1.23
898,1.53
899,1.66
900,0.36
901,0.09
902,0.92
903,0.39
904,0.75
905,1.4
906,0.57
907,0.22
908,1.43
909,0.76
910,1.01
911,1.2
912,0.91
913,1.08
914,0.67
915,0.62
916,0.92
917,1.33
918,1.3
919,1.73
920,1.08
921,1.32
922,0.16
923,0.87
924,0.86
925,1.03
926,1.11
927,0.82
928,1.38
929,1.34
930,1.11
931,0.7
932,1.16
933,1.25
934,0.34
935,0.81
936,0.89
937,0.28
938,1.14
939,0.85
940,1.23
941,1.22
942,0.73
943,1.11
944,1.42
945,0.98
946,1.29
947,1.08
948,1.14
949,1.56
950,0.68
951,0.3
952,0.84
953,1.12
954,0.2
955,0.87
956,1.41
957,0.57
958,0.94
959,1.36
960,2
961,1.21
962,1.83
963,1.5
964,0.88
965,1.81
966,2.03
967,1.57
968,0.91
969,0.38
970,1.33
971,0.8
972,0.19
973,0.98
974,0.64
975,0.16
976,0.55
977,1.12
978,0.87
979,1.32
980,0.29
981,0.24
982,1.25
983,0.52
984,0.61
985,1.09
986,1.31
987,1.28
988,1.64
989,1.74
990,1.06
991,0.33
992,0.31
993,0.28
994,1
995,1.41
996,0.64
997,1.33
998,1.07
999,0.32
1000,1.23
1001,0.72
1002,0.81
1003,0.84
1004,0.75
1005,0.27
1006,0.85
1007,1.22
1008,1.21
1009,0.39
1010,0.69
1011,0.87
1012,0.69
1013,1.21
1014,0.25
1015,1.08
1016,1.19
1017,0.95
1018,0.74
1019,0.48
1020,1.48
1021,1.05
1022,0.62
1023,1.02
1024,1.44
1025,1.35
1026,1.07
1027,0.56
1028,1.18
1029,1.33
1030,1.04
1031,0.67
1032,0.86
1033,1.13
1034,0.86
1035,0.18
1036,0.33
1037,0.91
1038,0.92
1039,1.16
1040,1.12
1041,0.88
1042,1.34
1043,1.06
1044,0.7
1045,1.55
1046,1.14
1047,1.17
1048,0.41
1049,1.36
1050,1.48
1051,0.91
1052,1.94
1053,1.44
1054,1.6
1055,1.28
1056,1.07
1057,1.59
1058,1.61
1059,1.47
1060,1.97
1061,1.54
1062,0.99
1063,1.63
1064,1.51
1065,2.25
1066,1.8
1067,0.39
1068,0.47
1069,1.18
1070,1.27
1071,0.94
1072,1.46
1073,1.01
1074,1.14
1075,0.54
1076,1.52
1077,1.09
1078,0.93
1079,1.63
1080,1.15
1081,0.59
1082,1.62
1083,0.67
1084,1.23
1085,0.84
1086,0.43
1087,1.6
1088,1.39
1089,1.07
1090,0.29
1091,0.36
1092,1.23
1093,0.55
1094,0.89
1095,1.14
1096,1.11
1097,0.45
1098,0.86
1099,0.46
1100,0.89
1101,1.25
1102,1.48
1103,1.35
1104,0.95
1105,1.14
1106,0.68
1107,0.59
1108,0.51
1109,1.31
1110,1.06
1111,0.4
1112,0.89
1113,1
1114,1.15
1115,1.23
1116,1.94
1117,1.42
1118,1.62
1119,1.11
1120,1.18
1121,0.54
1122,1.49
1123,1.1
1124,1.31
1125,0.96
1126,1.01
1127,1.08
1128,1.41
1129,1.8
1130,1.22
1131,0.58
1132,0.8
1133,0.6
1134,0.19
1135,0.84
1136,0.88
1137,0.75
1138,0.7
1139,0.95
1140,0.39
1141,1.26
1142,1.43
1143,0.83
1144,0.92
1145,0.66
1146,0.2
1147,0.54
1148,0.83
1149,0.63
1150,0.15
1151,0.24
1152,1.31
1153,0.87
1154,0.63
1155,1.19
1156,0.23
1157,0.29
1158,0.42
1159,1.16
1160,1.12
1161,0.57
1162,1.58
1163,1.52
1164,1.07
1165,0.93
1166,0.75
1167,0.84
1168,0.36
1169,0.35
1170,0.94
1171,1.35
1172,1.12
1173,1.5
1174,0.63
1175,0.64
1176,1.08
1177,0.16
1178,0.95
1179,0.85
1180,0.79
1181,0.78
1182,0.48
1183,0.86
1184,1.35
1185,1.01
1186,0.47
1187,0.88
1188,0.79
1189,0.76
1190,0.98
1191,0.95
1192,0.28
1193,1.08
1194,1.26
1195,1.44
1196,1.6
1197,1.53
1198,0.87
1199,1.22
1200,2.24
1201,2.04
1202,2.06
1203,1.46
1204,1.26
1205,0.99
1206,1.08
1207,1.22
1208,0.98
1209,0.91
1210,1.13
1211,1.37
1212,1.36
1213,0.86
1214,0.32
1215,0.18
1216,0.7
1217,0
1218,0.66
1219,1.22
1220,0.72
1221,0.5
1222,0.75
1223,1.31
1224,0.83
1225,0.82
1226,1.12
1227,0.24
1228,1.4
1229,1.55
1230,1.5
1231,1.31
1232,1.68
1233,1.04
1234,0.91
1235,1.39
1236,0.86
1237,1.72
1238,1.74
1239,1.09
1240,0.7
1241,1.46
1242,1.5
1243,1
1244,1.65
1245,1.05
1246,0.7
1247,0.99
1248,1.1
1249,1.38
1250,0.5
1251,0.09
1252,0.69
1253,0.78
1254,0.06
1255,0.88
1256,0.64
1257,0.83
1258,0.46
1259,1.44
1260,0.75
1261,0.9
1262,1.21
1263,0.88
1264,1.02
1265,1.04
1266,1.02
1267,1.03
1268,1.55
1269,0.58
1270,0.77
1271,1.09
1272,0.53
1273,0.55
1274,0.75
1275,1.38
1276,0.37
1277,0.78
1278,0.57
1279,1.08
1280,0.48
1281,0.79
1282,0.67
1283,0.37
1284,0.74
1285,0.59
1286,0.52
1287,0.67
1288,0
1289,0.65
1290,0.74
1291,0.5
1292,0.51
1293,0.83
1294,0.67
1295,0.23
1296,0.71
1297,0.52
1298,1.08
1299,0.77
1300,0.77
1301,1.1
1302,1.44
1303,1.16
1304,1.1
1305,1.75
1306,1.71
1307,1.39
1308,0.98
1309,1.58
1310,2
1311,1.36
1312,1.48
1313,1.85
1314,1.46
1315,0.36
1316,0.52
1317,1.28
1318,1.34
1319,1.22
1320,1.16
1321,1.43
1322,1.09
1323,0.86
1324,0.83
1325,1.76
1326,1.28
1327,0.76
1328,0.84
1329,0.75
1330,1.15
1331,1.55
1332,1.57
1333,1.47
1334,1.2
1335,0.6
1336,1.13
1337,1.48
1338,0.36
1339,1.12
1340,0.57
1341,0.23
1342,0.9
1343,0.58
1344,0.9
1345,0.88
1346,0.82
1347,0.1
1348,0.79
1349,0.77
1350,0.4
1351,0.58
1352,0.62
1353,1.16
1354,1.3
1355,0.41
1356,0.92
1357,1.24
1358,1.73
1359,1.36
1360,0.27
1361,1.02
1362,0.76
1363,0.19
1364,0.57
1365,0.44
1366,1
1367,0.74
1368,1.21
1369,0.53
1370,1.21
1371,1.13
1372,1.07
1373,1.23
1374,1.24
1375,0.78
1376,0.26
1377,1.13
1378,1.03
1379,0.77
1380,1.6
1381,1.11
1382,0.52
1383,1.29
1384,1.05
1385,1.38
1386,1.88
1387,1.15
1388,1.33
1389,0.98
1390,0.93
1391,1.18
1392,1.64
1393,1.47
1394,1.92
1395,1.32
1396,1.62
1397,0.91
1398,1.32
1399,0.8
1400,1.1
1401,1.01
1402,1.29
1403,0.94
1404,1.3
1405,1.06
1406,1.35
1407,0.52
1408,1.07
1409,2.04
1410,1.52
1411,0.56
1412,1.65
1413,0.45
1414,1.61
1415,0.76
1416,1.19
1417,1.36
1418,0.84
1419,0.82
1420,1.24
1421,0.31
1422,1
1423,0.41
1424,1.02
1425,1.34
1426,1.64
1427,1.57
1428,1.84
1429,0.85
1430,0.97
1431,0.97
1432,1
1433,1.48
1434,1.48
1435,1.3
1436,0.69
1437,0.71
1438,0.47
1439,1.07
1440,1.2
1441,1.51
1442,0.89
1443,1.02
1444,1.34
1445,0.54
1446,0.63
1447,1.03
1448,0.3
1449,0.69
1450,0.74
1451,1.25
1452,0.83
1453,1.62
1454,1.12
1455,0.34
1456,0.73
1457,0.36
1458,1.18
1459,0.91
1460,1.45
1461,1.18
1462,1.49
1463,0.73
1464,0.69
1465,1
1466,1.9
1467,1.63
1468,0.82
1469,1.03
1470,0.99
1471,0.04
1472,0.55
1473,0.34
1474,0.49
1475,0.06
1476,0.86
1477,0.67
1478,1.12
1479,0.54
1480,0.18
1481,1.4
1482,1.65
1483,1.01
1484,2.31
1485,2.02
1486,1.22
1487,0.5
1488,0.93
1489,1.12
1490,1.26
1491,1.49
1492,1.3
1493,1.05
1494,0.82
1495,0.14
1496,0.96
1497,0.82
1498,1.34
1499,1.45
1500,0.32
1501,0.42
1502,0.72
1503,0.99
1504,1.17
1505,1.21
1506,0.38
1507,1.53
1508,0.9
1509,0.81
1510,0.66
1511,1.42
1512,1.15
1513,1.68
1514,0.86
1515,1.03
1516,0.37
1517,0.25
1518,0.88
1519,1.12
1520,0.99
1521,1.21
1522,0.18
1523,0.64
1524,0.18
1525,0.58
1526,1
1527,1.02
1528,1.14
1529,1.25
1530,0.85
1531,0.95
1532,0.96
1533,0.4
1534,1.18
1535,1.26
1536,1.05
1537,1.49
1538,1.02
1539,1.24
1540,1.13
1541,1.04
1542,0.7
1543,1.1
1544,1.07
1545,1.17
1546,0.78
1547,0.44
1548,0.76
1549,0.66
1550,1.06
1551,0.7
1552,0.61
1553,1.3
1554,0.57
1555,1.4
1556,1.47
1557,1.44
1558,0.99
1559,0.89
1560,0.42
1561,0.27
1562,0.12
1563,0.81
1564,1.38
1565,1.71
1566,1.37
1567,1.17
1568,0.9
1569,1.13
1570,1.34
1571,0.85
1572,0.99
1573,0.08
1574,0.39
1575,0.69
1576,0.09
1577,1.11
1578,1.12
1579,0.47
1580,0.1
1581,0.33
1582,0.43
1583,0.22
1584,0.34
1585,0.11
1586,0.98
1587,1.08
1588,1.54
1589,0.77
1590,0.57
1591,1.51
1592,0.44
1593,0.12
1594,1.61
1595,1.19
1596,1.36
1597,1.3
1598,0.96
1599,1.02
1600,0.66
1601,0.63
1602,0.86
1603,1.27
1604,1.2
1605,1.77
1606,0.93
1607,1.05
1608,1.46
1609,1.37
1610,1.46
1611,1.47
1612,1.41
1613,1.09
1614,0.85
1615,1.42
1616,0.99
1617,1.09
1618,1.69
1619,0.9
1620,1.2
1621,1.71
1622,1.02
1623,0.36
1624,0.47
1625,0.59
1626,0.34
1627,1.77
1628,1.08
1629,1.51
1630,1.43
1631,0.64
1632,0.2
1633,0.9
1634,1.4
1635,1.46
1636,1.07
1637,0.97
1638,0.58
1639,1.59
1640,1.34
1641,1.32
1642,0.64
1643,1.26
1644,1.4
1645,0.59
1646,1.62
1647,1.66
1648,1.13
1649,1.38
1650,0.98
1651,1.92
1652,1.75
1653,1.72
1654,1.07
1655,1.84
1656,1.17
1657,0.65
1658,0.71
1659,0.96
1660,1.28
1661,1.16
1662,1.44
1663,1.1
1664,0.53
1665,1.26
1666,1.17
1667,0.5
1668,0.21
1669,1.11
1670,0.38
1671,0.69
1672,0.99
1673,1.19
1674,0.9
1675,1.45
1676,0.59
1677,0.85
1678,1.03
1679,0.95
1680,1.38
1681,0.81
1682,1.01
1683,1.25
1684,0.68
1685,0.3
1686,0.76
1687,1
1688,1.1
1689,1.64
1690,1.06
1691,0.78
1692,1.32
1693,1.04
1694,0.96
1695,1.02
1696,0.46
1697,1
1698,0.75
1699,1.96
1700,1.46
1701,1.37
1702,0.75
1703,0.99
1704,0.61
1705,0.88
1706,1.43
1707,0.48
1708,0.81
1709,0.68
1710,1.2
1711,0.72
1712,1.38
1713,0.6
1714,0.73
1715,0.85
1716,0.81
1717,0.84
1718,1.16
1719,0.79
1720,1.61
1721,1.19
1722,1.2
1723,1.06
1724,0.49
1725,1.16
1726,1.47
1727,0.85
1728,0.42
1729,0.11
1730,0.72
1731,0.94
1732,0.63
1733,0.51
1734,1.08
1735,0.84
1736,1.32
1737,0.54
1738,0.69
1739,0.86
1740,0.65
1741,1.32
1742,0.63
1743,1.18
1744,1.2
1745,1.76
1746,2.17
1747,1.82
1748,0
1749,1.5
1750,0.32
1751,1.86
1752,0.6
1753,1.33
1754,1.08
1755,0.28
1756,0.48
1757,1.12
1758,1.45
1759,1.69
1760,0.55
1761,1.33
1762,1.36
1763,0.65
1764,0.97
1765,1.04
1766,1.07
1767,1.2
1768,1.11
1769,0.51
1770,1.15
1771,1.7
1772,0.7
1773,0.35
1774,0.58
1775,0.92
1776,0.96
1777,0.31
1778,1.6
1779,0.46
1780,0.16
1781,0.88
1782,0.54
1783,1.75
1784,1.7
1785,1.07
1786,0.68
1787,1.12
1788,0.72
1789,0.44
1790,1.14
1791,1.43
1792,1.05
1793,2.03
1794,0.92
1795,1.07
1796,0.77
1797,0.97
1798,1.2
1799,1.05
1800,1.5
1801,1.24
1802,0.95
1803,0.94
1804,0.93
1805,0.59
1806,0.35
1807,1.05
1808,1.04
1809,1.49
1810,1.37
1811,1.39
1812,0.69
1813,0.92
1814,1.42
1815,1.92
1816,2.15
1817,1.44
1818,0.48
1819,0.56
1820,0.75
1821,0.88
1822,0.37
1823,1
1824,0.53
1825,0.86
1826,0.63
1827,0.78
1828,1.54
1829,0.29
1830,1.52
1831,0.92
1832,0.74
1833,1.18
1834,1.5
1835,0.83
1836,0.65
1837,0.9
1838,1.05
1839,1.51
1840,1.51
1841,1.56
1842,0.49
1843,0.86
1844,0.56
1845,1.06
1846,1
1847,0
1848,0.93
1849,0.85
1850,0.78
1851,0.46
1852,1.12
1853,0.77
1854,0.81
1855,1.12
1856,0.75
1857,0.68
1858,0.86
1859,0.34
1860,1.25
1861,0.29
1862,0.34
1863,0.57
1864,0.57
1865,0.92
1866,1.2
1867,1.21
1868,1.6
1869,1.64
1870,0.69
1871,0.39
1872,0.77
1873,0.54
1874,0.87
1875,0.54
1876,0.41
1877,1.81
1878,1.01
1879,0.51
1880,0.34
1881,0.72
1882,1.39
1883,0.7
1884,1.11
1885,1.14
1886,0.62
1887,1.46
1888,1.08
1889,0.85
1890,1.14
1891,1.49
1892,0.57
1893,0.34
1894,0.59
1895,1.2
1896,0.42
1897,1.19
1898,1.07
1899,0.1
1900,0.47
1901,1.13
1902,0.66
1903,0.78
1904,0.11
1905,1.65
1906,1.7
1907,1.68
1908,2.08
1909,1.29
1910,0.79
1911,1.42
1912,1.47
1913,0.88
1914,1.34
1915,1.28
1916,1.17
1917,1.3
1918,0.46
1919,1.31
1920,1.64
1921,1.11
1922,0.93
1923,0.53
1924,1.38
1925,0.15
1926,1.51
1927,1.12
1928,0.9
1929,0.58
1930,1.06
1931,0.96
1932,1.24
1933,1.24
1934,0.66
1935,1.45
1936,0.91
1937,1.34
1938,0.96
1939,0.86
1940,1.14
1941,1.76
1942,1.2
1943,1.09
1944,1.26
1945,1.05
1946,0.38
1947,1.02
1948,1.2
1949,1.02
1950,0.48
1951,0.23
1952,1.1
1953,0.71
1954,0.59
1955,0.43
1956,0.53
1957,0.68
1958,1
1959,0.52
1960,0.88
1961,0.61
1962,0.71
1963,0.55
1964,0.92
1965,1.13
1966,0.57
1967,0.69
1968,0.95
1969,0.73
1970,1.19
1971,0.73
1972,0.93
1973,1.26
1974,0.63
1975,1.43
1976,1.12
1977,1.02
1978,1.19
1979,1.46
1980,1.2
1981,1.46
1982,1.4
1983,1.67
1984,1.67
1985,2.07
1986,2.06
1987,NA
1988,NA
1989,NA
1990,NA
1991,NA
1992,NA
1993,NA
1994,NA
1995,NA
1996,NA
1997,NA
1998,NA
1999,NA
2000,NA
2001,NA
2002,NA
2003,NA
2004,NA
2005,NA
2006,NA
2007,NA
2008,NA
2009,NA
2010,NA
2011,NA