Year,CHU
-319,NA
-318,NA
-317,NA
-316,NA
-315,NA
-314,NA
-313,NA
-312,NA
-311,NA
-310,NA
-309,NA
-308,NA
-307,NA
-306,NA
-305,NA
-304,NA
-303,NA
-302,NA
-301,NA
-300,NA
-299,NA
-298,NA
-297,NA
-296,NA
-295,NA
-294,NA
-293,NA
-292,NA
-291,NA
-290,NA
-289,NA
-288,NA
-287,NA
-286,NA
-285,NA
-284,NA
-283,NA
-282,NA
-281,NA
-280,NA
-279,NA
-278,NA
-277,NA
-276,NA
-275,NA
-274,NA
-273,NA
-272,NA
-271,NA
-270,NA
-269,NA
-268,NA
-267,NA
-266,NA
-265,NA
-264,NA
-263,NA
-262,NA
-261,NA
-260,NA
-259,NA
-258,NA
-257,NA
-256,NA
-255,NA
-254,NA
-253,NA
-252,NA
-251,NA
-250,NA
-249,NA
-248,NA
-247,NA
-246,NA
-245,NA
-244,NA
-243,NA
-242,NA
-241,NA
-240,NA
-239,NA
-238,NA
-237,NA
-236,NA
-235,NA
-234,NA
-233,NA
-232,NA
-231,NA
-230,NA
-229,NA
-228,NA
-227,NA
-226,NA
-225,NA
-224,NA
-223,NA
-222,NA
-221,NA
-220,NA
-219,NA
-218,NA
-217,NA
-216,NA
-215,NA
-214,NA
-213,NA
-212,NA
-211,NA
-210,NA
-209,NA
-208,NA
-207,NA
-206,NA
-205,NA
-204,NA
-203,NA
-202,NA
-201,NA
-200,NA
-199,NA
-198,NA
-197,NA
-196,NA
-195,NA
-194,NA
-193,NA
-192,NA
-191,NA
-190,NA
-189,NA
-188,NA
-187,NA
-186,NA
-185,NA
-184,NA
-183,NA
-182,NA
-181,NA
-180,NA
-179,NA
-178,NA
-177,NA
-176,NA
-175,NA
-174,NA
-173,NA
-172,NA
-171,NA
-170,NA
-169,NA
-168,NA
-167,NA
-166,NA
-165,NA
-164,NA
-163,NA
-162,NA
-161,NA
-160,NA
-159,NA
-158,NA
-157,NA
-156,NA
-155,NA
-154,NA
-153,NA
-152,NA
-151,NA
-150,NA
-149,NA
-148,NA
-147,NA
-146,NA
-145,NA
-144,NA
-143,NA
-142,NA
-141,NA
-140,NA
-139,NA
-138,NA
-137,NA
-136,NA
-135,NA
-134,NA
-133,NA
-132,NA
-131,NA
-130,NA
-129,NA
-128,NA
-127,NA
-126,NA
-125,NA
-124,NA
-123,NA
-122,NA
-121,NA
-120,NA
-119,NA
-118,NA
-117,NA
-116,NA
-115,NA
-114,NA
-113,NA
-112,NA
-111,NA
-110,NA
-109,NA
-108,NA
-107,NA
-106,NA
-105,NA
-104,NA
-103,NA
-102,NA
-101,NA
-100,NA
-99,NA
-98,NA
-97,NA
-96,NA
-95,NA
-94,NA
-93,NA
-92,NA
-91,NA
-90,NA
-89,NA
-88,NA
-87,NA
-86,NA
-85,NA
-84,NA
-83,NA
-82,NA
-81,NA
-80,NA
-79,NA
-78,NA
-77,NA
-76,NA
-75,NA
-74,NA
-73,NA
-72,NA
-71,NA
-70,NA
-69,NA
-68,NA
-67,NA
-66,NA
-65,NA
-64,NA
-63,NA
-62,NA
-61,NA
-60,NA
-59,NA
-58,NA
-57,NA
-56,NA
-55,NA
-54,NA
-53,NA
-52,NA
-51,NA
-50,NA
-49,NA
-48,NA
-47,NA
-46,NA
-45,NA
-44,NA
-43,NA
-42,NA
-41,NA
-40,NA
-39,NA
-38,NA
-37,NA
-36,NA
-35,NA
-34,NA
-33,NA
-32,NA
-31,NA
-30,NA
-29,NA
-28,NA
-27,NA
-26,NA
-25,NA
-24,NA
-23,NA
-22,NA
-21,NA
-20,NA
-19,NA
-18,NA
-17,NA
-16,NA
-15,NA
-14,NA
-13,NA
-12,NA
-11,NA
-10,NA
-9,NA
-8,NA
-7,NA
-6,NA
-5,NA
-4,NA
-3,NA
-2,NA
-1,NA
0,NA
1,NA
2,NA
3,NA
4,NA
5,NA
6,NA
7,NA
8,NA
9,NA
10,NA
11,NA
12,NA
13,NA
14,NA
15,NA
16,NA
17,NA
18,NA
19,NA
20,NA
21,NA
22,NA
23,NA
24,NA
25,NA
26,NA
27,NA
28,NA
29,NA
30,NA
31,NA
32,NA
33,NA
34,NA
35,NA
36,NA
37,NA
38,NA
39,NA
40,NA
41,NA
42,NA
43,NA
44,NA
45,NA
46,NA
47,NA
48,NA
49,NA
50,NA
51,NA
52,NA
53,NA
54,NA
55,NA
56,NA
57,NA
58,NA
59,NA
60,NA
61,NA
62,NA
63,NA
64,NA
65,NA
66,NA
67,NA
68,NA
69,NA
70,NA
71,NA
72,NA
73,NA
74,NA
75,NA
76,NA
77,NA
78,NA
79,NA
80,NA
81,NA
82,NA
83,NA
84,NA
85,NA
86,NA
87,NA
88,NA
89,NA
90,NA
91,NA
92,NA
93,NA
94,NA
95,NA
96,NA
97,NA
98,NA
99,NA
100,NA
101,NA
102,NA
103,NA
104,NA
105,NA
106,NA
107,NA
108,NA
109,NA
110,NA
111,NA
112,NA
113,NA
114,NA
115,NA
116,NA
117,NA
118,NA
119,NA
120,NA
121,NA
122,NA
123,NA
124,NA
125,NA
126,NA
127,NA
128,NA
129,NA
130,NA
131,NA
132,NA
133,NA
134,NA
135,NA
136,NA
137,NA
138,NA
139,NA
140,NA
141,NA
142,NA
143,NA
144,NA
145,NA
146,NA
147,NA
148,NA
149,NA
150,NA
151,NA
152,NA
153,NA
154,NA
155,NA
156,NA
157,NA
158,NA
159,NA
160,NA
161,NA
162,NA
163,NA
164,NA
165,NA
166,NA
167,NA
168,NA
169,NA
170,NA
171,NA
172,NA
173,NA
174,NA
175,NA
176,NA
177,NA
178,NA
179,NA
180,NA
181,NA
182,NA
183,NA
184,NA
185,NA
186,NA
187,NA
188,NA
189,NA
190,NA
191,NA
192,NA
193,NA
194,NA
195,NA
196,NA
197,NA
198,NA
199,NA
200,NA
201,NA
202,NA
203,NA
204,NA
205,NA
206,NA
207,NA
208,NA
209,NA
210,NA
211,NA
212,NA
213,NA
214,NA
215,NA
216,NA
217,NA
218,NA
219,NA
220,NA
221,NA
222,NA
223,NA
224,NA
225,NA
226,NA
227,NA
228,NA
229,NA
230,NA
231,NA
232,NA
233,NA
234,NA
235,NA
236,NA
237,NA
238,NA
239,NA
240,NA
241,NA
242,NA
243,NA
244,NA
245,NA
246,NA
247,NA
248,NA
249,NA
250,NA
251,NA
252,NA
253,NA
254,NA
255,NA
256,NA
257,NA
258,NA
259,NA
260,NA
261,NA
262,NA
263,NA
264,NA
265,NA
266,NA
267,NA
268,NA
269,NA
270,NA
271,NA
272,NA
273,NA
274,NA
275,NA
276,NA
277,NA
278,NA
279,NA
280,NA
281,NA
282,NA
283,NA
284,NA
285,NA
286,NA
287,NA
288,NA
289,NA
290,NA
291,NA
292,NA
293,NA
294,NA
295,NA
296,NA
297,NA
298,NA
299,NA
300,NA
301,NA
302,NA
303,NA
304,NA
305,NA
306,NA
307,NA
308,NA
309,NA
310,NA
311,NA
312,NA
313,NA
314,NA
315,NA
316,NA
317,NA
318,NA
319,NA
320,NA
321,NA
322,NA
323,NA
324,NA
325,NA
326,NA
327,NA
328,NA
329,NA
330,NA
331,NA
332,NA
333,NA
334,NA
335,NA
336,NA
337,NA
338,NA
339,NA
340,NA
341,NA
342,NA
343,NA
344,NA
345,NA
346,NA
347,NA
348,NA
349,NA
350,NA
351,NA
352,NA
353,NA
354,NA
355,NA
356,NA
357,NA
358,NA
359,NA
360,NA
361,NA
362,NA
363,NA
364,NA
365,NA
366,NA
367,NA
368,NA
369,NA
370,NA
371,NA
372,NA
373,NA
374,NA
375,NA
376,NA
377,NA
378,NA
379,NA
380,NA
381,NA
382,NA
383,NA
384,NA
385,NA
386,NA
387,NA
388,NA
389,NA
390,NA
391,NA
392,NA
393,NA
394,NA
395,NA
396,NA
397,NA
398,NA
399,NA
400,NA
401,NA
402,NA
403,NA
404,NA
405,NA
406,NA
407,NA
408,NA
409,NA
410,NA
411,NA
412,NA
413,NA
414,NA
415,NA
416,NA
417,NA
418,NA
419,NA
420,NA
421,NA
422,NA
423,NA
424,NA
425,NA
426,NA
427,NA
428,NA
429,NA
430,NA
431,NA
432,NA
433,NA
434,NA
435,NA
436,NA
437,NA
438,NA
439,NA
440,NA
441,NA
442,NA
443,NA
444,NA
445,NA
446,NA
447,NA
448,NA
449,NA
450,NA
451,NA
452,NA
453,NA
454,NA
455,NA
456,NA
457,NA
458,NA
459,NA
460,NA
461,NA
462,NA
463,NA
464,NA
465,NA
466,NA
467,NA
468,NA
469,NA
470,NA
471,NA
472,NA
473,NA
474,NA
475,NA
476,NA
477,NA
478,NA
479,NA
480,NA
481,NA
482,NA
483,NA
484,NA
485,NA
486,NA
487,NA
488,NA
489,NA
490,NA
491,NA
492,NA
493,NA
494,NA
495,NA
496,NA
497,NA
498,NA
499,NA
500,NA
501,NA
502,NA
503,NA
504,NA
505,NA
506,NA
507,NA
508,NA
509,NA
510,NA
511,NA
512,NA
513,NA
514,NA
515,NA
516,NA
517,NA
518,NA
519,NA
520,NA
521,NA
522,NA
523,NA
524,NA
525,NA
526,NA
527,NA
528,NA
529,NA
530,NA
531,NA
532,NA
533,NA
534,NA
535,NA
536,NA
537,NA
538,NA
539,NA
540,NA
541,NA
542,NA
543,NA
544,NA
545,NA
546,NA
547,NA
548,NA
549,NA
550,NA
551,NA
552,NA
553,NA
554,NA
555,NA
556,NA
557,NA
558,NA
559,NA
560,0.81
561,0.42
562,1.37
563,0.41
564,0.57
565,0.36
566,1.24
567,0.92
568,0.36
569,0.54
570,0.82
571,1.17
572,1.16
573,1.15
574,1.36
575,1.6
576,1.62
577,1.46
578,1.01
579,1.07
580,0.91
581,1.26
582,1.12
583,0.88
584,0.48
585,0.86
586,1.12
587,1.25
588,0.75
589,1.63
590,0.43
591,0.41
592,1.46
593,1.28
594,1.21
595,1.25
596,1.28
597,1.13
598,1.08
599,0.56
600,1.71
601,1.29
602,1.1
603,0.86
604,1.34
605,0.91
606,1.38
607,0.83
608,1.27
609,0.99
610,0.79
611,0.55
612,1.16
613,1.05
614,0.7
615,0.37
616,0.85
617,0.85
618,0.87
619,0.71
620,0
621,1.31
622,1.08
623,0.64
624,0.82
625,0.89
626,0.65
627,0.88
628,0.92
629,1.02
630,0.44
631,1.05
632,1.02
633,0.92
634,0.57
635,1.67
636,2.17
637,1.39
638,0.8
639,0.6
640,0.56
641,1.65
642,1.24
643,1.28
644,0.92
645,0.13
646,0.74
647,1
648,1.02
649,1.21
650,1.52
651,0.86
652,0.95
653,0.95
654,0.58
655,1.29
656,1.22
657,0.9
658,1.01
659,0.79
660,0.52
661,0.8
662,0.88
663,0.69
664,0.46
665,1.48
666,1.17
667,1.4
668,1.01
669,0.7
670,1.13
671,1.24
672,1.24
673,1.21
674,1.47
675,1.21
676,1.24
677,0.89
678,1.46
679,1.58
680,0.98
681,1.13
682,1.37
683,1.06
684,1.42
685,0.76
686,0.54
687,1.1
688,1.19
689,1.4
690,0.63
691,1.2
692,0.86
693,1.28
694,0.54
695,1.08
696,0.53
697,1.01
698,0.88
699,0.58
700,0.44
701,0.96
702,0.97
703,1.38
704,0.86
705,0.71
706,0.53
707,0.84
708,1.43
709,0.76
710,0.95
711,0.89
712,0.52
713,1.52
714,1.52
715,1.37
716,0.98
717,0.47
718,0.23
719,0.58
720,1.16
721,0.77
722,0.69
723,0.67
724,0.51
725,1.55
726,0.96
727,1.44
728,1.32
729,1.02
730,1.51
731,1.41
732,1.08
733,1.29
734,1.26
735,0.98
736,1.33
737,1.33
738,0.34
739,0.65
740,1.17
741,0.91
742,0.37
743,1.09
744,0.94
745,1.3
746,1.3
747,1.36
748,0.45
749,0.91
750,0.76
751,0.3
752,0.77
753,1.05
754,0.85
755,0.78
756,0.85
757,0.41
758,0.73
759,1.11
760,0.52
761,0.96
762,0.51
763,0.97
764,0.73
765,1.22
766,1.25
767,0.88
768,1.42
769,0.93
770,0.48
771,0.76
772,1.47
773,1.23
774,0.66
775,0.83
776,1.24
777,1.21
778,1.03
779,0.6
780,1.46
781,1.15
782,0.38
783,1.14
784,1.76
785,1.64
786,1.21
787,1.67
788,1.17
789,1.17
790,1.18
791,0.79
792,1.63
793,1.41
794,1.15
795,0.27
796,0.55
797,0.39
798,1.19
799,1.03
800,1.8
801,0.93
802,1.13
803,1.5
804,1.49
805,1.09
806,1.01
807,0.87
808,0.44
809,0.1
810,1.31
811,1.25
812,1.62
813,1.59
814,1.38
815,1.3
816,1.37
817,0.59
818,0.45
819,0.42
820,1.38
821,1.63
822,1.91
823,0.24
824,0.67
825,0.46
826,0.89
827,0.95
828,1.07
829,0.45
830,0.54
831,1.18
832,1.05
833,1.24
834,0.9
835,0.95
836,1.38
837,0.58
838,0.96
839,0.86
840,0.33
841,1.01
842,0.8
843,1.07
844,0.98
845,1.01
846,0.58
847,0.71
848,1.34
849,1.04
850,0.8
851,0.76
852,1.03
853,0.95
854,1.45
855,0.86
856,0.98
857,0.67
858,1.23
859,0.87
860,0.62
861,0.95
862,1.27
863,1.11
864,1.22
865,0.74
866,1.09
867,0.88
868,0.64
869,0.82
870,0.91
871,1.13
872,1.16
873,0.98
874,1.1
875,1.19
876,0.97
877,0.76
878,0.58
879,0.96
880,1.12
881,1.42
882,0.84
883,0.8
884,0.4
885,1.04
886,1.25
887,1.13
888,1.05
889,0.87
890,1.34
891,0.97
892,0.82
893,1.27
894,0.77
895,0.75
896,1.02
897,1.2
898,1.19
899,1.96
900,1.12
901,0.79
902,1.27
903,0.8
904,0.6
905,1.13
906,0.4
907,0.28
908,1.17
909,1
910,0.92
911,1.31
912,1.08
913,0.84
914,0.92
915,0.72
916,0.72
917,1.08
918,1.1
919,1.26
920,0.89
921,0.74
922,0.59
923,0.63
924,0.37
925,1.32
926,1.28
927,0.94
928,1.54
929,1.2
930,0.73
931,1.2
932,1.3
933,1.09
934,0.97
935,0.97
936,1.1
937,0.49
938,0.94
939,0.71
940,0.94
941,1.14
942,1.12
943,0.74
944,1.05
945,1.11
946,1.39
947,1.24
948,0.85
949,1.19
950,1.17
951,0.68
952,1
953,0.96
954,0.3
955,0.67
956,1.25
957,0.78
958,0.74
959,1.49
960,1.64
961,1.03
962,1.1
963,1.33
964,1.09
965,1.44
966,1.28
967,1.38
968,0.9
969,0.54
970,1.35
971,0.97
972,0.55
973,1.84
974,1.53
975,0.74
976,0.79
977,1.37
978,0.66
979,0.68
980,0.1
981,0.29
982,0.74
983,0.61
984,0.48
985,1.21
986,1.59
987,1.6
988,1.91
989,1.58
990,1.03
991,0.58
992,0.87
993,0.71
994,1.06
995,0.91
996,1.37
997,0.86
998,0.98
999,0.83
1000,0.93
1001,0.71
1002,0.54
1003,0.84
1004,1.08
1005,0.08
1006,1.15
1007,1.27
1008,1.12
1009,0.75
1010,0.95
1011,0.91
1012,1.23
1013,1
1014,0.69
1015,1.39
1016,1.63
1017,1.66
1018,0.93
1019,0.65
1020,1.32
1021,0.91
1022,0.82
1023,0.97
1024,1.53
1025,0.96
1026,1.02
1027,1.1
1028,1.28
1029,1.28
1030,0.74
1031,0.74
1032,1.01
1033,0.92
1034,1.02
1035,0.45
1036,0.58
1037,0.72
1038,0.79
1039,0.86
1040,0.89
1041,0.52
1042,1.29
1043,0.95
1044,0.73
1045,1.04
1046,0.87
1047,1.3
1048,0.5
1049,0.77
1050,1.33
1051,1.09
1052,1.29
1053,1.07
1054,1.62
1055,1.01
1056,1.06
1057,1.21
1058,0.97
1059,1.08
1060,1.12
1061,1.45
1062,0.61
1063,1.16
1064,1.38
1065,1.48
1066,1.2
1067,0.32
1068,0.59
1069,0.72
1070,0.73
1071,0.91
1072,1.02
1073,0.96
1074,0.7
1075,1.02
1076,1.33
1077,1.13
1078,0.78
1079,1.59
1080,1.64
1081,0.73
1082,0.91
1083,0.75
1084,1.01
1085,0.33
1086,0.3
1087,1.31
1088,1.16
1089,1.05
1090,0.12
1091,0.15
1092,1
1093,0.59
1094,0.51
1095,0.89
1096,0.91
1097,0.71
1098,0.81
1099,0.44
1100,0.99
1101,0.42
1102,1.2
1103,1.31
1104,1.46
1105,1.44
1106,0.75
1107,0.42
1108,0.58
1109,1.13
1110,1.14
1111,1.4
1112,1.5
1113,0.97
1114,1.43
1115,1.28
1116,1.64
1117,1.59
1118,1.36
1119,1.41
1120,1.28
1121,0.63
1122,1.53
1123,0.5
1124,1.32
1125,1.04
1126,0.74
1127,1.46
1128,1.61
1129,2.28
1130,1.15
1131,0.6
1132,0.76
1133,0.8
1134,0.7
1135,0.78
1136,1.01
1137,0.68
1138,1.07
1139,1.26
1140,0.69
1141,1.12
1142,1.26
1143,0.78
1144,0.77
1145,1.15
1146,0.95
1147,0.67
1148,0.71
1149,0.9
1150,0.42
1151,0.35
1152,0.98
1153,0.88
1154,0.71
1155,1.04
1156,0.46
1157,0.58
1158,0.53
1159,1.14
1160,1.12
1161,0.67
1162,1
1163,1.86
1164,1.38
1165,1.35
1166,1.39
1167,1.35
1168,1.2
1169,1.02
1170,0.93
1171,0.89
1172,0.78
1173,0.93
1174,0.67
1175,0.67
1176,0.54
1177,0.52
1178,1.04
1179,1.05
1180,1.12
1181,1.25
1182,0.7
1183,0.67
1184,1.28
1185,1.09
1186,0.47
1187,0.82
1188,0.78
1189,0.64
1190,0.79
1191,0.78
1192,0.67
1193,0.98
1194,1.02
1195,1.42
1196,1.46
1197,1.44
1198,1.01
1199,1.25
1200,1.41
1201,1.22
1202,1.49
1203,1.38
1204,1.02
1205,0.66
1206,0.76
1207,1
1208,1.23
1209,1.63
1210,1.23
1211,1.69
1212,1.4
1213,1.13
1214,0.71
1215,0.76
1216,0.35
1217,0.16
1218,0.66
1219,1.08
1220,0.64
1221,0.56
1222,0.7
1223,0.9
1224,1.04
1225,0.6
1226,1.18
1227,0.28
1228,1.02
1229,1.35
1230,1
1231,1.16
1232,1.21
1233,0.91
1234,1.06
1235,1.42
1236,1.03
1237,1.28
1238,1.55
1239,1.37
1240,0.9
1241,1.33
1242,1.25
1243,1.44
1244,1.17
1245,1.06
1246,0.85
1247,0.64
1248,1.51
1249,1.44
1250,0.61
1251,0.56
1252,0.69
1253,0.91
1254,0.17
1255,1.2
1256,0.85
1257,0.97
1258,0.41
1259,1.3
1260,0.73
1261,1.09
1262,1.53
1263,1
1264,1.13
1265,1.17
1266,0.86
1267,0.78
1268,0.82
1269,1.49
1270,1.5
1271,1
1272,1.14
1273,0.52
1274,0.88
1275,1.3
1276,0.43
1277,1.02
1278,0.92
1279,1.11
1280,0.75
1281,0.89
1282,0.9
1283,1.23
1284,0.91
1285,0.62
1286,1.07
1287,0.67
1288,0.15
1289,0.64
1290,1.13
1291,0.53
1292,0.57
1293,0.73
1294,1.14
1295,0.52
1296,1.09
1297,1.31
1298,1.3
1299,0.8
1300,0.67
1301,1.42
1302,1.54
1303,0.93
1304,0.98
1305,1.45
1306,0.8
1307,0.85
1308,1.48
1309,1.17
1310,1.42
1311,1.48
1312,1.27
1313,1.76
1314,1.62
1315,0.98
1316,0.44
1317,1.12
1318,0.81
1319,0.84
1320,0.98
1321,0.68
1322,1.29
1323,0.78
1324,0.48
1325,1.29
1326,1.24
1327,1.06
1328,0.94
1329,1.01
1330,1.06
1331,1.04
1332,1.26
1333,1.65
1334,1
1335,0.62
1336,0.97
1337,1.63
1338,0.62
1339,0.98
1340,1.04
1341,0.92
1342,0.93
1343,1.13
1344,1.12
1345,0.76
1346,0.82
1347,0.6
1348,0.82
1349,0.82
1350,0.83
1351,0.87
1352,0.6
1353,0.87
1354,0.97
1355,0.26
1356,1.32
1357,0.88
1358,1.05
1359,0.72
1360,0.52
1361,0.83
1362,0.87
1363,0.42
1364,0.93
1365,1.07
1366,0.97
1367,0.69
1368,0.96
1369,0.55
1370,0.79
1371,1.03
1372,1
1373,1.1
1374,1.26
1375,1
1376,0.81
1377,0.93
1378,0.9
1379,1.25
1380,1.64
1381,1.18
1382,1.11
1383,1.14
1384,1.32
1385,1.23
1386,1.51
1387,1.03
1388,1.63
1389,0.8
1390,0.9
1391,1.06
1392,1.23
1393,0.76
1394,1.11
1395,0.98
1396,1.59
1397,1.1
1398,0.81
1399,0.42
1400,0.76
1401,0.69
1402,0.84
1403,0.72
1404,1.46
1405,0.96
1406,1.35
1407,0.58
1408,1.03
1409,1.49
1410,0.95
1411,0.64
1412,0.85
1413,0.68
1414,0.9
1415,0.55
1416,1.01
1417,1.17
1418,0.97
1419,0.83
1420,1.27
1421,0.47
1422,0.87
1423,0.6
1424,0.7
1425,1.08
1426,1.26
1427,1.07
1428,1.1
1429,1.35
1430,1.22
1431,1.3
1432,0.92
1433,1.16
1434,1.41
1435,0.85
1436,1.41
1437,0.93
1438,0.54
1439,1.14
1440,1.16
1441,1.14
1442,0.66
1443,0.88
1444,1.35
1445,0.71
1446,1.28
1447,0.87
1448,0.53
1449,0.23
1450,0.82
1451,0.98
1452,1.1
1453,1.03
1454,1.05
1455,0.66
1456,1.28
1457,1.03
1458,1.19
1459,1.02
1460,1.01
1461,0.98
1462,1.21
1463,1.26
1464,0.67
1465,0.72
1466,1.11
1467,1.09
1468,1.01
1469,1
1470,0.95
1471,0.4
1472,0.93
1473,0.87
1474,0.83
1475,0.55
1476,0.79
1477,1.42
1478,1.43
1479,0.84
1480,0.76
1481,1.05
1482,1.01
1483,0.78
1484,1.28
1485,1.14
1486,1.26
1487,0.65
1488,1.01
1489,0.89
1490,1.02
1491,1.34
1492,1.47
1493,0.86
1494,1.29
1495,0.48
1496,0.84
1497,0.8
1498,1.14
1499,1.07
1500,0.72
1501,1.23
1502,1.21
1503,1.08
1504,1.12
1505,1.2
1506,0.77
1507,1.22
1508,0.93
1509,1.28
1510,0.96
1511,1.43
1512,1.36
1513,1.24
1514,1.22
1515,1.2
1516,0.75
1517,0.76
1518,0.77
1519,0.83
1520,0.79
1521,1.14
1522,0.39
1523,0.61
1524,0.67
1525,0.9
1526,0.91
1527,0.7
1528,0.81
1529,0.93
1530,1.09
1531,1.29
1532,0.79
1533,0.84
1534,0.88
1535,1.22
1536,1.38
1537,1.03
1538,0.66
1539,1.28
1540,1.1
1541,0.71
1542,0.75
1543,0.95
1544,0.94
1545,0.72
1546,0.92
1547,0.69
1548,0.85
1549,1.06
1550,1.26
1551,1.1
1552,1.06
1553,1.07
1554,1.01
1555,1.59
1556,1.7
1557,1.33
1558,0.76
1559,0.85
1560,0.84
1561,0.7
1562,0.84
1563,1.1
1564,0.97
1565,1.08
1566,1.11
1567,1
1568,1.32
1569,1.32
1570,1.32
1571,1.15
1572,1.34
1573,0.91
1574,1.08
1575,0.84
1576,0.85
1577,1.32
1578,0.74
1579,0.37
1580,0.53
1581,0.82
1582,0.66
1583,0.74
1584,0.36
1585,0.29
1586,0.8
1587,0.93
1588,0.97
1589,1
1590,0.94
1591,1.06
1592,0.62
1593,0.69
1594,1.18
1595,1.18
1596,1.12
1597,1.27
1598,0.94
1599,1.4
1600,0.94
1601,0.76
1602,1.05
1603,1.23
1604,0.98
1605,1.08
1606,1.13
1607,0.87
1608,0.94
1609,0.94
1610,1.27
1611,1.19
1612,0.96
1613,0.79
1614,1.06
1615,1.02
1616,1.07
1617,1.09
1618,1.24
1619,0.84
1620,1.15
1621,1.48
1622,0.88
1623,0.55
1624,0.52
1625,0.9
1626,0.44
1627,0.76
1628,0.8
1629,1.03
1630,1.16
1631,0.96
1632,0.74
1633,1.43
1634,1.65
1635,1.31
1636,1.35
1637,1.24
1638,1.23
1639,1.01
1640,1.27
1641,0.95
1642,0.94
1643,0.82
1644,1.05
1645,0.84
1646,0.85
1647,0.89
1648,0.76
1649,0.99
1650,1.12
1651,0.98
1652,1
1653,0.96
1654,0.71
1655,1.04
1656,0.95
1657,0.96
1658,0.82
1659,0.91
1660,0.79
1661,0.99
1662,0.69
1663,0.88
1664,0.62
1665,0.88
1666,0.66
1667,0.72
1668,0.57
1669,0.77
1670,0.69
1671,0.8
1672,1.14
1673,1
1674,1.22
1675,1.15
1676,0.76
1677,0.92
1678,1.44
1679,1.16
1680,1.31
1681,1.44
1682,1.25
1683,1.43
1684,0.65
1685,0.34
1686,0.91
1687,0.9
1688,1.17
1689,1.31
1690,1.01
1691,1.23
1692,1.72
1693,1.4
1694,1.07
1695,1.14
1696,0.6
1697,1
1698,0.98
1699,1.15
1700,0.74
1701,1.38
1702,1.17
1703,0.83
1704,0.92
1705,1.01
1706,1.08
1707,0.58
1708,1
1709,0.99
1710,1.34
1711,1.1
1712,0.81
1713,0.94
1714,1.05
1715,1.05
1716,0.76
1717,0.87
1718,1.15
1719,0.82
1720,1.34
1721,1.24
1722,1.05
1723,1.18
1724,1.19
1725,1.34
1726,1.69
1727,0.96
1728,0.9
1729,0.32
1730,0.72
1731,0.81
1732,0.73
1733,0.7
1734,0.85
1735,0.28
1736,0.8
1737,0.47
1738,1.14
1739,0.45
1740,0.5
1741,0.65
1742,0.73
1743,1.04
1744,1.02
1745,1.07
1746,1.38
1747,1.23
1748,0.3
1749,1.28
1750,0.99
1751,1.22
1752,0.72
1753,1.26
1754,1.03
1755,0.58
1756,0.78
1757,1.01
1758,1.06
1759,1.21
1760,0.96
1761,1.18
1762,1.3
1763,1.01
1764,1.36
1765,1.18
1766,1.61
1767,1.82
1768,1.42
1769,1.18
1770,1.26
1771,1.13
1772,1.27
1773,0.62
1774,1.16
1775,0.67
1776,1.04
1777,0.64
1778,0.69
1779,0.7
1780,0.44
1781,0.51
1782,0.58
1783,0.91
1784,1.17
1785,0.88
1786,0.64
1787,0.86
1788,0.64
1789,0.77
1790,1.38
1791,1.4
1792,1.2
1793,1.37
1794,1.06
1795,1.19
1796,1.11
1797,1.07
1798,0.97
1799,1.24
1800,1.24
1801,0.91
1802,1.38
1803,1.37
1804,1.06
1805,0.84
1806,0.56
1807,0.71
1808,0.82
1809,0.73
1810,0.89
1811,1
1812,1.05
1813,0.59
1814,1.15
1815,1.21
1816,1.26
1817,0.9
1818,0.47
1819,0.44
1820,0.56
1821,0.85
1822,0.56
1823,1.08
1824,0.75
1825,0.74
1826,0.92
1827,1.09
1828,1.15
1829,0.91
1830,1.14
1831,1.32
1832,1.42
1833,1.25
1834,0.93
1835,1.32
1836,0.83
1837,1.16
1838,1.2
1839,1.19
1840,1.39
1841,1.27
1842,0.63
1843,0.93
1844,1.04
1845,1.13
1846,1.02
1847,0.22
1848,0.89
1849,1.02
1850,0.78
1851,0.47
1852,1.12
1853,1.18
1854,1.12
1855,1.08
1856,1
1857,1.07
1858,1.44
1859,0.97
1860,1.4
1861,0.96
1862,1.23
1863,1.04
1864,0.96
1865,0.95
1866,1.17
1867,1.03
1868,1.03
1869,1.06
1870,1.16
1871,0.73
1872,0.72
1873,0.71
1874,0.77
1875,0.72
1876,0.86
1877,1.25
1878,1.29
1879,1.02
1880,1.02
1881,0.72
1882,1.08
1883,0.92
1884,0.97
1885,1.12
1886,0.75
1887,1.06
1888,1.02
1889,1.09
1890,1.08
1891,1
1892,1.02
1893,0.8
1894,0.66
1895,1.18
1896,0.73
1897,1.05
1898,0.94
1899,0.39
1900,0.68
1901,0.78
1902,0.5
1903,1.08
1904,0.48
1905,1.03
1906,1.06
1907,1.45
1908,1.4
1909,1.19
1910,1.06
1911,1.62
1912,1.21
1913,0.75
1914,1.22
1915,1.24
1916,1.4
1917,1.01
1918,0.73
1919,1.03
1920,0.98
1921,1.19
1922,1.02
1923,0.81
1924,0.9
1925,0.95
1926,1.15
1927,1.21
1928,1.02
1929,1.03
1930,1.06
1931,1.2
1932,1.08
1933,0.97
1934,0.89
1935,1.03
1936,0.84
1937,1
1938,0.93
1939,0.94
1940,1.26
1941,1.34
1942,1.08
1943,0.92
1944,1
1945,0.88
1946,0.94
1947,1.26
1948,1.32
1949,1.6
1950,0.76
1951,0.4
1952,0.96
1953,0.7
1954,0.65
1955,0.81
1956,0.47
1957,0.95
1958,0.86
1959,0.26
1960,1
1961,0.83
1962,0.92
1963,0.6
1964,0.8
1965,1.2
1966,1.08
1967,0.78
1968,1.1
1969,1.29
1970,1.14
1971,0.87
1972,1.02
1973,1.11
1974,0.76
1975,1.22
1976,0.72
1977,0.55
1978,0.94
1979,0.81
1980,0.64
1981,0.8
1982,0.83
1983,1.14
1984,1.06
1985,1.18
1986,1.92
1987,1.46
1988,1.4
1989,0.93
1990,1.04
1991,1.01
1992,1.4
1993,1.07
1994,1.35
1995,1.35
1996,0.59
1997,1.3
1998,1.14
1999,1.14
2000,1.04
2001,1.06
2002,0.1
2003,0.91
2004,0.85
2005,0.77
2006,0.47
2007,1.16
2008,1.13
2009,0.82
2010,0.89
2011,NA