Year,GOB
-319,NA
-318,NA
-317,NA
-316,NA
-315,NA
-314,NA
-313,NA
-312,NA
-311,NA
-310,NA
-309,NA
-308,NA
-307,NA
-306,NA
-305,NA
-304,NA
-303,NA
-302,NA
-301,NA
-300,NA
-299,NA
-298,NA
-297,NA
-296,NA
-295,NA
-294,NA
-293,NA
-292,NA
-291,NA
-290,NA
-289,NA
-288,NA
-287,NA
-286,NA
-285,NA
-284,NA
-283,NA
-282,NA
-281,NA
-280,NA
-279,NA
-278,NA
-277,NA
-276,NA
-275,NA
-274,NA
-273,NA
-272,NA
-271,NA
-270,NA
-269,NA
-268,NA
-267,NA
-266,NA
-265,NA
-264,NA
-263,NA
-262,NA
-261,NA
-260,NA
-259,NA
-258,NA
-257,NA
-256,NA
-255,NA
-254,NA
-253,NA
-252,NA
-251,NA
-250,NA
-249,NA
-248,NA
-247,NA
-246,NA
-245,NA
-244,NA
-243,NA
-242,NA
-241,NA
-240,NA
-239,NA
-238,NA
-237,NA
-236,NA
-235,NA
-234,NA
-233,NA
-232,NA
-231,NA
-230,NA
-229,NA
-228,NA
-227,NA
-226,NA
-225,NA
-224,NA
-223,NA
-222,NA
-221,NA
-220,NA
-219,NA
-218,NA
-217,NA
-216,NA
-215,NA
-214,NA
-213,NA
-212,NA
-211,NA
-210,NA
-209,NA
-208,NA
-207,NA
-206,NA
-205,NA
-204,NA
-203,NA
-202,NA
-201,NA
-200,NA
-199,NA
-198,NA
-197,NA
-196,NA
-195,NA
-194,NA
-193,NA
-192,NA
-191,NA
-190,NA
-189,NA
-188,NA
-187,NA
-186,NA
-185,NA
-184,NA
-183,NA
-182,NA
-181,NA
-180,NA
-179,NA
-178,NA
-177,NA
-176,NA
-175,NA
-174,NA
-173,NA
-172,NA
-171,NA
-170,NA
-169,NA
-168,NA
-167,NA
-166,NA
-165,NA
-164,NA
-163,NA
-162,NA
-161,NA
-160,NA
-159,NA
-158,NA
-157,NA
-156,NA
-155,NA
-154,NA
-153,NA
-152,NA
-151,NA
-150,NA
-149,NA
-148,NA
-147,NA
-146,NA
-145,NA
-144,NA
-143,NA
-142,NA
-141,NA
-140,NA
-139,NA
-138,NA
-137,NA
-136,NA
-135,NA
-134,NA
-133,NA
-132,NA
-131,NA
-130,NA
-129,NA
-128,NA
-127,NA
-126,NA
-125,NA
-124,NA
-123,NA
-122,NA
-121,NA
-120,NA
-119,NA
-118,NA
-117,NA
-116,NA
-115,NA
-114,NA
-113,NA
-112,NA
-111,NA
-110,NA
-109,NA
-108,NA
-107,NA
-106,NA
-105,NA
-104,NA
-103,NA
-102,NA
-101,NA
-100,NA
-99,NA
-98,NA
-97,NA
-96,NA
-95,NA
-94,NA
-93,NA
-92,NA
-91,NA
-90,NA
-89,NA
-88,NA
-87,NA
-86,NA
-85,NA
-84,NA
-83,NA
-82,NA
-81,NA
-80,NA
-79,NA
-78,NA
-77,NA
-76,NA
-75,NA
-74,NA
-73,NA
-72,NA
-71,NA
-70,NA
-69,NA
-68,NA
-67,NA
-66,NA
-65,NA
-64,NA
-63,NA
-62,NA
-61,NA
-60,NA
-59,NA
-58,NA
-57,NA
-56,NA
-55,NA
-54,NA
-53,NA
-52,NA
-51,NA
-50,NA
-49,NA
-48,NA
-47,NA
-46,NA
-45,NA
-44,NA
-43,NA
-42,NA
-41,NA
-40,NA
-39,NA
-38,NA
-37,NA
-36,NA
-35,NA
-34,NA
-33,NA
-32,NA
-31,NA
-30,NA
-29,NA
-28,NA
-27,NA
-26,NA
-25,NA
-24,NA
-23,NA
-22,NA
-21,NA
-20,NA
-19,NA
-18,NA
-17,NA
-16,NA
-15,NA
-14,NA
-13,NA
-12,NA
-11,NA
-10,NA
-9,NA
-8,NA
-7,NA
-6,NA
-5,NA
-4,NA
-3,NA
-2,NA
-1,NA
0,NA
1,NA
2,NA
3,NA
4,NA
5,NA
6,NA
7,NA
8,NA
9,NA
10,NA
11,NA
12,NA
13,NA
14,NA
15,NA
16,NA
17,NA
18,NA
19,NA
20,NA
21,NA
22,NA
23,NA
24,NA
25,NA
26,NA
27,NA
28,NA
29,NA
30,NA
31,NA
32,NA
33,NA
34,NA
35,NA
36,NA
37,NA
38,NA
39,NA
40,NA
41,NA
42,NA
43,NA
44,NA
45,NA
46,NA
47,NA
48,NA
49,NA
50,NA
51,NA
52,NA
53,NA
54,NA
55,NA
56,NA
57,NA
58,NA
59,NA
60,NA
61,NA
62,NA
63,NA
64,NA
65,NA
66,NA
67,NA
68,NA
69,NA
70,NA
71,NA
72,NA
73,NA
74,NA
75,NA
76,NA
77,NA
78,NA
79,NA
80,NA
81,NA
82,NA
83,NA
84,NA
85,NA
86,NA
87,NA
88,NA
89,NA
90,NA
91,NA
92,NA
93,NA
94,NA
95,NA
96,NA
97,NA
98,NA
99,NA
100,NA
101,NA
102,NA
103,NA
104,NA
105,NA
106,NA
107,NA
108,NA
109,NA
110,NA
111,NA
112,NA
113,NA
114,NA
115,NA
116,NA
117,NA
118,NA
119,NA
120,NA
121,NA
122,NA
123,NA
124,NA
125,NA
126,NA
127,NA
128,NA
129,NA
130,NA
131,NA
132,NA
133,NA
134,NA
135,NA
136,NA
137,NA
138,NA
139,NA
140,NA
141,NA
142,NA
143,NA
144,NA
145,NA
146,NA
147,NA
148,NA
149,NA
150,NA
151,NA
152,NA
153,NA
154,NA
155,NA
156,NA
157,NA
158,NA
159,NA
160,NA
161,NA
162,NA
163,NA
164,NA
165,NA
166,NA
167,NA
168,NA
169,NA
170,NA
171,NA
172,NA
173,NA
174,NA
175,NA
176,NA
177,NA
178,NA
179,NA
180,NA
181,NA
182,NA
183,NA
184,NA
185,NA
186,NA
187,NA
188,NA
189,NA
190,NA
191,NA
192,NA
193,NA
194,NA
195,NA
196,NA
197,NA
198,NA
199,NA
200,NA
201,NA
202,NA
203,NA
204,NA
205,NA
206,NA
207,NA
208,NA
209,NA
210,NA
211,NA
212,NA
213,NA
214,NA
215,NA
216,NA
217,NA
218,NA
219,NA
220,NA
221,NA
222,NA
223,NA
224,NA
225,NA
226,NA
227,NA
228,NA
229,NA
230,NA
231,NA
232,NA
233,NA
234,NA
235,NA
236,NA
237,NA
238,NA
239,NA
240,NA
241,NA
242,NA
243,NA
244,NA
245,NA
246,NA
247,NA
248,NA
249,NA
250,NA
251,NA
252,NA
253,NA
254,NA
255,NA
256,NA
257,NA
258,NA
259,NA
260,NA
261,NA
262,NA
263,NA
264,NA
265,NA
266,NA
267,NA
268,NA
269,NA
270,NA
271,NA
272,NA
273,NA
274,NA
275,NA
276,NA
277,NA
278,NA
279,NA
280,NA
281,NA
282,NA
283,NA
284,NA
285,NA
286,NA
287,NA
288,NA
289,NA
290,NA
291,NA
292,NA
293,NA
294,NA
295,NA
296,NA
297,NA
298,NA
299,NA
300,NA
301,NA
302,NA
303,NA
304,NA
305,NA
306,NA
307,NA
308,NA
309,NA
310,NA
311,NA
312,NA
313,NA
314,NA
315,NA
316,NA
317,NA
318,NA
319,NA
320,NA
321,NA
322,NA
323,NA
324,NA
325,NA
326,NA
327,NA
328,NA
329,NA
330,NA
331,NA
332,NA
333,NA
334,NA
335,NA
336,NA
337,NA
338,NA
339,NA
340,NA
341,NA
342,NA
343,NA
344,NA
345,NA
346,NA
347,NA
348,NA
349,NA
350,NA
351,NA
352,NA
353,NA
354,NA
355,NA
356,NA
357,NA
358,NA
359,NA
360,NA
361,NA
362,NA
363,NA
364,NA
365,NA
366,NA
367,NA
368,NA
369,NA
370,NA
371,NA
372,NA
373,NA
374,NA
375,NA
376,NA
377,NA
378,NA
379,NA
380,NA
381,NA
382,NA
383,NA
384,NA
385,NA
386,NA
387,NA
388,NA
389,NA
390,NA
391,NA
392,NA
393,NA
394,NA
395,NA
396,NA
397,NA
398,NA
399,NA
400,NA
401,NA
402,NA
403,NA
404,NA
405,NA
406,NA
407,NA
408,NA
409,NA
410,NA
411,NA
412,NA
413,NA
414,NA
415,NA
416,NA
417,NA
418,NA
419,NA
420,NA
421,NA
422,NA
423,NA
424,NA
425,NA
426,NA
427,NA
428,NA
429,NA
430,NA
431,NA
432,NA
433,NA
434,NA
435,NA
436,NA
437,NA
438,NA
439,NA
440,NA
441,NA
442,NA
443,NA
444,NA
445,NA
446,NA
447,NA
448,NA
449,NA
450,NA
451,NA
452,NA
453,NA
454,NA
455,NA
456,NA
457,NA
458,NA
459,NA
460,NA
461,NA
462,NA
463,NA
464,NA
465,NA
466,NA
467,NA
468,NA
469,NA
470,NA
471,NA
472,NA
473,NA
474,NA
475,NA
476,NA
477,NA
478,NA
479,NA
480,NA
481,NA
482,NA
483,NA
484,NA
485,NA
486,NA
487,NA
488,NA
489,NA
490,NA
491,NA
492,NA
493,NA
494,NA
495,NA
496,NA
497,NA
498,NA
499,NA
500,NA
501,NA
502,NA
503,NA
504,NA
505,NA
506,NA
507,NA
508,NA
509,NA
510,NA
511,NA
512,NA
513,NA
514,NA
515,NA
516,NA
517,NA
518,NA
519,NA
520,NA
521,NA
522,NA
523,NA
524,NA
525,NA
526,NA
527,NA
528,NA
529,NA
530,NA
531,NA
532,NA
533,NA
534,NA
535,NA
536,NA
537,NA
538,NA
539,NA
540,NA
541,NA
542,NA
543,NA
544,NA
545,NA
546,NA
547,NA
548,NA
549,NA
550,NA
551,NA
552,NA
553,NA
554,NA
555,NA
556,NA
557,NA
558,NA
559,NA
560,NA
561,NA
562,NA
563,NA
564,NA
565,NA
566,NA
567,NA
568,NA
569,NA
570,NA
571,NA
572,NA
573,NA
574,NA
575,NA
576,NA
577,NA
578,NA
579,NA
580,NA
581,NA
582,NA
583,NA
584,NA
585,NA
586,NA
587,NA
588,NA
589,NA
590,NA
591,NA
592,NA
593,NA
594,NA
595,NA
596,NA
597,NA
598,NA
599,NA
600,NA
601,NA
602,NA
603,NA
604,NA
605,NA
606,NA
607,NA
608,NA
609,NA
610,NA
611,NA
612,NA
613,NA
614,NA
615,NA
616,NA
617,NA
618,NA
619,NA
620,NA
621,NA
622,NA
623,NA
624,NA
625,NA
626,NA
627,NA
628,NA
629,NA
630,NA
631,NA
632,NA
633,NA
634,NA
635,NA
636,NA
637,NA
638,NA
639,NA
640,0.4
641,1.01
642,0.59
643,1.01
644,1.04
645,0.3
646,0.23
647,0.38
648,0.72
649,1.01
650,0.84
651,0.63
652,1
653,0.69
654,0.96
655,1.05
656,1.06
657,0.98
658,0.63
659,0.33
660,0.38
661,0.63
662,0.97
663,0.6
664,0.48
665,1.26
666,1.29
667,1.42
668,1.33
669,1.39
670,0.82
671,0.42
672,0.65
673,1.45
674,1.09
675,0.6
676,0.67
677,0.62
678,0.4
679,1.03
680,0.77
681,0.74
682,1.41
683,1.31
684,1.62
685,1.16
686,0.41
687,0.88
688,1.65
689,2.08
690,0.37
691,0.8
692,0.56
693,1.01
694,0.79
695,1.3
696,1.28
697,1.36
698,0.82
699,1.49
700,0.78
701,1.32
702,1.11
703,1
704,0.69
705,0.16
706,0.28
707,0.46
708,0.76
709,0.49
710,0.96
711,1
712,0.69
713,1.85
714,1.34
715,0.9
716,0.72
717,0.34
718,0.67
719,1.38
720,1.07
721,1.19
722,0.55
723,0.35
724,0.35
725,1.28
726,0.98
727,0.9
728,1.34
729,1.25
730,1.1
731,1.42
732,0.73
733,1.01
734,1.14
735,0.77
736,1.1
737,1.3
738,0
739,0.66
740,1.12
741,1.21
742,0.61
743,1.27
744,0.74
745,1.27
746,1.35
747,1.05
748,0.24
749,1.45
750,0.7
751,0.14
752,1.28
753,0.81
754,1.21
755,1.03
756,0.44
757,0.29
758,0.8
759,1.06
760,1
761,1
762,0.94
763,1.09
764,0.78
765,1.4
766,1.34
767,0.88
768,1.29
769,0.97
770,0.46
771,0.53
772,1.56
773,0.75
774,0.63
775,0.85
776,1.23
777,0.81
778,0.88
779,0.71
780,1.54
781,1.12
782,0.63
783,0.7
784,1.1
785,1.6
786,0.75
787,1.85
788,0.98
789,1.42
790,1.23
791,0.88
792,1.56
793,1.96
794,1.24
795,0.99
796,1.01
797,0.58
798,1.17
799,0.99
800,1.3
801,1.02
802,1.56
803,1.82
804,1.35
805,1.28
806,1.04
807,0.49
808,0.69
809,0.27
810,1.19
811,0.66
812,1.06
813,1.7
814,1.28
815,1.18
816,0.97
817,0.38
818,0.43
819,0.61
820,1.76
821,1.56
822,1.47
823,0.2
824,0.39
825,0.57
826,1.28
827,1.11
828,1.18
829,0.39
830,0.52
831,1.37
832,0.8
833,0.72
834,0.63
835,0.65
836,1.16
837,0.56
838,1.2
839,0.93
840,0.34
841,0.84
842,0.76
843,1.14
844,0.6
845,0.82
846,0.92
847,0.52
848,1.15
849,0.8
850,1.4
851,0.84
852,1.26
853,1.19
854,1.56
855,0.81
856,1.34
857,0.35
858,1.36
859,1.16
860,1.32
861,0.94
862,1.25
863,1.13
864,1.03
865,1.4
866,0.65
867,0.15
868,0.94
869,1.55
870,0.82
871,1.92
872,1.1
873,1.19
874,1.4
875,1.38
876,0.94
877,0.63
878,0.48
879,1.04
880,0.8
881,1.33
882,0.57
883,1.1
884,0.38
885,1.04
886,1.07
887,1.15
888,1.24
889,0.8
890,1.82
891,0.8
892,0.65
893,1.18
894,0.74
895,0.75
896,0.68
897,0.72
898,0.78
899,1.88
900,1.18
901,0.57
902,1.45
903,0.96
904,0.7
905,1.19
906,0.16
907,0.01
908,0.75
909,1.14
910,1.08
911,1.86
912,1.09
913,1
914,1.3
915,0.6
916,1.24
917,1.46
918,1.48
919,1.66
920,1.1
921,0.77
922,0.29
923,0.43
924,0.59
925,1.27
926,0.87
927,0.75
928,1.47
929,0.76
930,0.43
931,0.93
932,0.9
933,1.23
934,1.34
935,0.89
936,1.24
937,0.8
938,1.11
939,1.08
940,1.25
941,1.21
942,1.26
943,0.88
944,1.08
945,1.04
946,1.32
947,1.02
948,0.97
949,1.17
950,1.2
951,0.86
952,0.76
953,0.59
954,0.28
955,1.23
956,1.5
957,1.09
958,0.63
959,1.32
960,1.37
961,1.22
962,1.12
963,1.25
964,0.81
965,1.37
966,1.58
967,1.57
968,1.06
969,0.94
970,1.66
971,0.98
972,0.15
973,1.36
974,1.01
975,0.15
976,0.5
977,1.31
978,0.51
979,0.76
980,0.35
981,0.16
982,0.76
983,0.91
984,0.58
985,1.21
986,1.7
987,1.9
988,1.69
989,1.8
990,1.25
991,0.69
992,0.57
993,0.71
994,1.26
995,1.01
996,1.84
997,1.3
998,1.62
999,0.73
1000,1.01
1001,0.66
1002,0.59
1003,0.67
1004,0.73
1005,0.14
1006,0.74
1007,1.37
1008,1.44
1009,0.8
1010,1.08
1011,0.9
1012,0.9
1013,0.46
1014,0.26
1015,0.69
1016,1.08
1017,1.14
1018,1.11
1019,0.74
1020,1.3
1021,1.04
1022,0.89
1023,1.05
1024,1.78
1025,1.49
1026,1.66
1027,1.3
1028,1.12
1029,1.35
1030,0.93
1031,0.72
1032,0.64
1033,1.04
1034,1.12
1035,0.4
1036,0.5
1037,0.79
1038,0.86
1039,0.89
1040,0.64
1041,0.25
1042,0.92
1043,0.75
1044,0.47
1045,0.54
1046,0.5
1047,0.57
1048,0.12
1049,0.57
1050,0.88
1051,0.56
1052,1.2
1053,0.66
1054,0.92
1055,0.66
1056,0.83
1057,1.07
1058,0.9
1059,0.88
1060,1.43
1061,1.43
1062,0.74
1063,1.38
1064,1.55
1065,1.74
1066,1.23
1067,0.45
1068,0.48
1069,0.81
1070,1.02
1071,1.09
1072,1.2
1073,1.08
1074,0.97
1075,1.08
1076,1.44
1077,1.23
1078,1.09
1079,1.75
1080,1.55
1081,1.08
1082,1.11
1083,0.6
1084,1.22
1085,0.67
1086,0.76
1087,1.22
1088,1.14
1089,0.83
1090,0.2
1091,0.3
1092,1.18
1093,0.7
1094,0.84
1095,1.37
1096,1.31
1097,0.65
1098,0.59
1099,0.66
1100,1.04
1101,0.82
1102,1.22
1103,1.23
1104,1.07
1105,0.82
1106,1.17
1107,1.01
1108,0.81
1109,1.3
1110,1.21
1111,1.01
1112,1.4
1113,0.96
1114,1.29
1115,1.51
1116,2.01
1117,1.66
1118,1.48
1119,1.45
1120,0.95
1121,0.48
1122,1.66
1123,1.1
1124,1.25
1125,1.19
1126,0.8
1127,1.03
1128,1.15
1129,1.96
1130,1.3
1131,0.56
1132,0.92
1133,0.98
1134,0.43
1135,0.74
1136,1.17
1137,0.74
1138,1.03
1139,1.22
1140,0.79
1141,1.5
1142,1.55
1143,0.89
1144,0.98
1145,1.09
1146,0.48
1147,0.68
1148,0.19
1149,0.67
1150,0.11
1151,0.33
1152,1.87
1153,1.28
1154,1
1155,0.98
1156,0.24
1157,0.6
1158,0.52
1159,1.36
1160,1.31
1161,0.27
1162,1.68
1163,1.29
1164,1.08
1165,1.05
1166,0.79
1167,1.36
1168,0.54
1169,0.7
1170,1.09
1171,1.44
1172,1.49
1173,1.57
1174,0.86
1175,0.4
1176,0.9
1177,0.39
1178,0.71
1179,0.92
1180,1.04
1181,1.1
1182,0.33
1183,0.67
1184,1.51
1185,1.26
1186,0.25
1187,0.71
1188,1.01
1189,0.74
1190,1.23
1191,0.64
1192,0.36
1193,0.66
1194,0.94
1195,1.27
1196,1.22
1197,1.22
1198,0.67
1199,0.75
1200,1.01
1201,1.36
1202,1.26
1203,1.2
1204,1.17
1205,0.31
1206,0.52
1207,1.41
1208,0.86
1209,1.4
1210,0.97
1211,1.38
1212,0.81
1213,1.23
1214,0.62
1215,0.39
1216,0.22
1217,0
1218,0.32
1219,1.07
1220,0.53
1221,0.54
1222,0.79
1223,0.79
1224,0.66
1225,0.35
1226,0.74
1227,0.12
1228,0.89
1229,0.52
1230,0.68
1231,0.89
1232,0.62
1233,0.79
1234,0.9
1235,1.19
1236,0.59
1237,1.11
1238,0.88
1239,1.32
1240,0.59
1241,1.2
1242,1.03
1243,0.85
1244,0.99
1245,0.66
1246,0.13
1247,0.27
1248,0.86
1249,0.82
1250,0.7
1251,0.13
1252,0.48
1253,0.92
1254,0.02
1255,0.98
1256,0.86
1257,0.99
1258,0
1259,1.34
1260,0.97
1261,0.44
1262,0.97
1263,0.77
1264,0.38
1265,0.8
1266,0.94
1267,1.34
1268,1.01
1269,1.09
1270,0.53
1271,1.02
1272,0.73
1273,0.52
1274,0.87
1275,1.59
1276,0.13
1277,1.1
1278,0.25
1279,0.76
1280,0.33
1281,0.99
1282,0.61
1283,0.7
1284,0.83
1285,0.75
1286,0.49
1287,0.85
1288,0.79
1289,1.01
1290,1.57
1291,1.16
1292,1.08
1293,1.36
1294,0.86
1295,0.31
1296,0.71
1297,0.52
1298,0.95
1299,0.53
1300,0.87
1301,0.95
1302,1.03
1303,1.01
1304,1.1
1305,1.24
1306,1.08
1307,0.86
1308,0.61
1309,1.12
1310,1.29
1311,1
1312,1.05
1313,1.59
1314,1.66
1315,1.44
1316,0.73
1317,1.09
1318,1.8
1319,1.66
1320,1.89
1321,1.77
1322,1.4
1323,0.98
1324,0.89
1325,1.82
1326,1.15
1327,1.02
1328,0.67
1329,1.25
1330,1.62
1331,1.02
1332,1.81
1333,1.27
1334,1.06
1335,0.57
1336,1.01
1337,1.27
1338,0.59
1339,1.47
1340,0.86
1341,1
1342,0.89
1343,0.88
1344,1.19
1345,1.2
1346,1.15
1347,0.33
1348,0.68
1349,1.43
1350,0.66
1351,0.61
1352,0.62
1353,1.66
1354,1.74
1355,0.83
1356,1.66
1357,1.32
1358,1.57
1359,1.43
1360,1.12
1361,0.61
1362,0.72
1363,0.81
1364,0.86
1365,1.06
1366,1.15
1367,1.19
1368,1.82
1369,0.67
1370,1.28
1371,0.75
1372,0.97
1373,1.03
1374,1.35
1375,0.78
1376,0.78
1377,1.06
1378,1.26
1379,1.16
1380,1.48
1381,1.27
1382,1.48
1383,1.63
1384,1.3
1385,1.54
1386,1.41
1387,1.34
1388,1.34
1389,1.25
1390,0.44
1391,1.1
1392,1.37
1393,1.45
1394,1.51
1395,1.16
1396,0.9
1397,0.79
1398,1.07
1399,0.37
1400,0.25
1401,0.84
1402,0.9
1403,0.64
1404,1.45
1405,0.9
1406,1.19
1407,0.62
1408,1.23
1409,1.76
1410,1.11
1411,0.56
1412,1.44
1413,0.29
1414,1.47
1415,0.61
1416,0.82
1417,1.06
1418,0.38
1419,0.64
1420,1.02
1421,0.48
1422,0.92
1423,0.31
1424,0.7
1425,1.1
1426,1.42
1427,1.35
1428,2.02
1429,1.4
1430,1.2
1431,1.33
1432,1.09
1433,1.54
1434,1.33
1435,0.61
1436,0.7
1437,0.84
1438,0.42
1439,1.09
1440,1.03
1441,1.42
1442,0.86
1443,1.01
1444,1.22
1445,0.53
1446,1.02
1447,1.01
1448,0.64
1449,0.14
1450,0.38
1451,1.14
1452,0.85
1453,1.14
1454,0.94
1455,0.48
1456,0.79
1457,0.36
1458,1.51
1459,1.02
1460,0.66
1461,0.63
1462,1.49
1463,0.94
1464,0.35
1465,0.74
1466,1.3
1467,1.3
1468,0.86
1469,1.32
1470,0.89
1471,0.33
1472,1.01
1473,0.51
1474,0.64
1475,0.19
1476,0.75
1477,0.88
1478,1.32
1479,0.67
1480,0.12
1481,1.14
1482,1.13
1483,0.67
1484,1.82
1485,1.53
1486,1.54
1487,0.61
1488,1.2
1489,1.03
1490,1.04
1491,1.52
1492,1.08
1493,0.99
1494,1.08
1495,0
1496,0.62
1497,0.66
1498,1.49
1499,1.11
1500,0
1501,0.8
1502,0.92
1503,1.15
1504,1.03
1505,1.22
1506,0.16
1507,0.77
1508,0.82
1509,1.18
1510,0.56
1511,1.34
1512,1.05
1513,1.23
1514,1.2
1515,1.5
1516,0.32
1517,0.54
1518,0.89
1519,1.31
1520,1.16
1521,1.26
1522,0.55
1523,1.08
1524,0.78
1525,1.09
1526,1.59
1527,0.95
1528,1.15
1529,1.52
1530,0.97
1531,1.01
1532,0.33
1533,0.86
1534,0.9
1535,0.57
1536,1.24
1537,1.41
1538,0.55
1539,1.25
1540,1.31
1541,1.29
1542,0.3
1543,1.21
1544,1.43
1545,0.62
1546,1.12
1547,1.32
1548,1.2
1549,1.09
1550,1.1
1551,0.66
1552,0.95
1553,0.97
1554,0.53
1555,1.28
1556,1.4
1557,1.46
1558,1.18
1559,1.26
1560,0.71
1561,0.84
1562,0.78
1563,1.05
1564,1.14
1565,1.49
1566,1
1567,0.72
1568,0.96
1569,1.2
1570,1.27
1571,1.2
1572,1.13
1573,0.36
1574,0.96
1575,0.83
1576,0.43
1577,1.4
1578,0.85
1579,0.04
1580,0.33
1581,0.76
1582,0.44
1583,0.05
1584,0.57
1585,0.02
1586,0.84
1587,0.46
1588,1.06
1589,0.9
1590,0.15
1591,0.86
1592,0.03
1593,0.03
1594,1.35
1595,1.14
1596,1.46
1597,0.91
1598,0.47
1599,1.26
1600,0.32
1601,0.93
1602,0.9
1603,1.27
1604,1.07
1605,1.39
1606,1.28
1607,0.66
1608,1.4
1609,1.54
1610,1.82
1611,1.67
1612,1.23
1613,1.49
1614,0.97
1615,1.23
1616,0.85
1617,1.62
1618,1.66
1619,0.94
1620,1.3
1621,1.69
1622,0.99
1623,0.67
1624,0.96
1625,0.61
1626,0.48
1627,1.67
1628,0.98
1629,1.27
1630,1.5
1631,0.96
1632,0.61
1633,1.56
1634,1.26
1635,1.37
1636,0.81
1637,0.92
1638,0.66
1639,1.15
1640,1.04
1641,1.05
1642,0.68
1643,0.91
1644,0.95
1645,0.47
1646,1.07
1647,1.06
1648,0.57
1649,0.87
1650,1.1
1651,1.62
1652,0.81
1653,1.09
1654,0.46
1655,1.23
1656,0.82
1657,0.33
1658,0.35
1659,0.9
1660,1.39
1661,1.16
1662,0.77
1663,0.6
1664,0.1
1665,0.92
1666,0.61
1667,0.38
1668,0.5
1669,0.76
1670,0.72
1671,1.23
1672,1.21
1673,1.21
1674,1.37
1675,0.59
1676,0.38
1677,0.74
1678,1.02
1679,0.9
1680,1.92
1681,1.16
1682,1.17
1683,1.44
1684,0.4
1685,0
1686,1.14
1687,1.12
1688,1.26
1689,1.72
1690,1.1
1691,0.91
1692,1.65
1693,1.23
1694,0.63
1695,0.98
1696,0.59
1697,1.14
1698,0.9
1699,1.45
1700,1.06
1701,1.56
1702,0.83
1703,0.49
1704,0.67
1705,1.21
1706,1.28
1707,0.38
1708,0.84
1709,0.9
1710,1.25
1711,0.9
1712,1.07
1713,0.97
1714,0.71
1715,1.11
1716,0.61
1717,0.92
1718,1.09
1719,0.73
1720,1.99
1721,1.3
1722,0.87
1723,1.31
1724,1.16
1725,1.57
1726,1.84
1727,1.4
1728,1.21
1729,0.35
1730,0.86
1731,0.97
1732,1.52
1733,0.97
1734,1.41
1735,0.25
1736,0.96
1737,0.66
1738,1.1
1739,0.78
1740,0.73
1741,0.99
1742,1.13
1743,1.9
1744,0.87
1745,1.74
1746,1.97
1747,1.48
1748,0.05
1749,1.31
1750,0.92
1751,0.75
1752,0.62
1753,0.84
1754,1.87
1755,0.97
1756,0.58
1757,0.81
1758,0.99
1759,1.25
1760,1.54
1761,1.43
1762,1.62
1763,1.11
1764,1.71
1765,1.15
1766,1.51
1767,1.22
1768,1.15
1769,0.99
1770,1.46
1771,1.72
1772,1.38
1773,0.6
1774,1.22
1775,0.83
1776,0.81
1777,0.58
1778,0.9
1779,0.89
1780,0.35
1781,0.67
1782,0.61
1783,0.9
1784,1.64
1785,0.99
1786,0.93
1787,1.12
1788,0.61
1789,0.68
1790,0.92
1791,1.38
1792,1.32
1793,2.01
1794,1.05
1795,0.97
1796,1.13
1797,0.87
1798,0.84
1799,1.39
1800,1.05
1801,0.77
1802,1.21
1803,0.7
1804,0.83
1805,0.35
1806,0
1807,1.15
1808,0.87
1809,0.67
1810,0.79
1811,0.9
1812,0.74
1813,0.7
1814,0.99
1815,1.22
1816,1.71
1817,1.16
1818,0.47
1819,0.2
1820,0.58
1821,1.08
1822,0.43
1823,0.22
1824,0.34
1825,0.8
1826,0.82
1827,0.45
1828,1.36
1829,0.91
1830,1.09
1831,1.29
1832,1.41
1833,1.4
1834,1.01
1835,1.29
1836,1.02
1837,1.25
1838,1.32
1839,1.45
1840,1.42
1841,1.21
1842,0.84
1843,0.72
1844,1.02
1845,0.8
1846,0.85
1847,0.42
1848,0.99
1849,1.58
1850,1.45
1851,0.39
1852,1.48
1853,1.16
1854,1.16
1855,1.12
1856,1.08
1857,0.7
1858,0.95
1859,0.74
1860,1.12
1861,0.11
1862,0.95
1863,0.79
1864,0.32
1865,0.87
1866,1.31
1867,1.35
1868,1.48
1869,1.23
1870,0.48
1871,0.5
1872,0.7
1873,0.38
1874,0.98
1875,0.88
1876,0.27
1877,1.02
1878,0.97
1879,0.53
1880,0.7
1881,0.57
1882,0.44
1883,0.17
1884,0.5
1885,0.72
1886,0.74
1887,0.38
1888,1.03
1889,0.87
1890,0.6
1891,1.12
1892,0.68
1893,0.58
1894,0.44
1895,0.94
1896,0.18
1897,1.16
1898,0.84
1899,0.18
1900,0.5
1901,0.78
1902,0.18
1903,1.23
1904,0.18
1905,1.49
1906,1.52
1907,1.68
1908,1.24
1909,1.17
1910,0.8
1911,1.77
1912,1.33
1913,0.87
1914,1.77
1915,1.57
1916,1.89
1917,1.28
1918,0.87
1919,1.52
1920,1.75
1921,1.41
1922,0.97
1923,0.91
1924,1.18
1925,1.12
1926,1.39
1927,1.34
1928,1.08
1929,0.88
1930,0.88
1931,0.51
1932,1.06
1933,0.96
1934,0.74
1935,1.06
1936,0.98
1937,1.41
1938,1.1
1939,0.58
1940,1.01
1941,1.43
1942,1.31
1943,0.95
1944,0.79
1945,1.02
1946,0.43
1947,0.71
1948,0.75
1949,1.04
1950,0.34
1951,0.1
1952,1.07
1953,0.51
1954,0.69
1955,0.59
1956,0.27
1957,0.82
1958,0.92
1959,0.56
1960,0.95
1961,0.94
1962,1.04
1963,0.88
1964,0.52
1965,1.53
1966,1.09
1967,0.68
1968,0.89
1969,1.11
1970,0.98
1971,0.94
1972,0.95
1973,1.47
1974,0.91
1975,1.62
1976,0.59
1977,0.36
1978,1.45
1979,1.76
1980,1.44
1981,1.19
1982,1.17
1983,1.56
1984,0.84
1985,1.64
1986,1.46
1987,1.58
1988,1.43
1989,0.94
1990,NA
1991,NA
1992,NA
1993,NA
1994,NA
1995,NA
1996,NA
1997,NA
1998,NA
1999,NA
2000,NA
2001,NA
2002,NA
2003,NA
2004,NA
2005,NA
2006,NA
2007,NA
2008,NA
2009,NA
2010,NA
2011,NA