Year,JEM
-319,NA
-318,NA
-317,NA
-316,NA
-315,NA
-314,NA
-313,NA
-312,NA
-311,NA
-310,NA
-309,NA
-308,NA
-307,NA
-306,NA
-305,NA
-304,NA
-303,NA
-302,NA
-301,NA
-300,NA
-299,NA
-298,NA
-297,NA
-296,NA
-295,NA
-294,NA
-293,NA
-292,NA
-291,NA
-290,NA
-289,NA
-288,NA
-287,NA
-286,NA
-285,NA
-284,NA
-283,NA
-282,NA
-281,NA
-280,NA
-279,NA
-278,NA
-277,NA
-276,NA
-275,NA
-274,NA
-273,NA
-272,NA
-271,NA
-270,NA
-269,NA
-268,NA
-267,NA
-266,NA
-265,NA
-264,NA
-263,NA
-262,NA
-261,NA
-260,NA
-259,NA
-258,NA
-257,NA
-256,NA
-255,NA
-254,NA
-253,NA
-252,NA
-251,NA
-250,NA
-249,NA
-248,NA
-247,NA
-246,NA
-245,NA
-244,NA
-243,NA
-242,NA
-241,NA
-240,NA
-239,NA
-238,NA
-237,NA
-236,NA
-235,NA
-234,NA
-233,NA
-232,NA
-231,NA
-230,NA
-229,NA
-228,NA
-227,NA
-226,NA
-225,NA
-224,NA
-223,NA
-222,NA
-221,NA
-220,NA
-219,NA
-218,NA
-217,NA
-216,NA
-215,NA
-214,NA
-213,NA
-212,NA
-211,NA
-210,NA
-209,NA
-208,NA
-207,NA
-206,NA
-205,NA
-204,NA
-203,NA
-202,NA
-201,NA
-200,NA
-199,NA
-198,NA
-197,NA
-196,NA
-195,NA
-194,NA
-193,NA
-192,NA
-191,NA
-190,NA
-189,NA
-188,NA
-187,NA
-186,NA
-185,NA
-184,NA
-183,NA
-182,NA
-181,NA
-180,NA
-179,NA
-178,NA
-177,NA
-176,NA
-175,NA
-174,NA
-173,NA
-172,NA
-171,NA
-170,NA
-169,NA
-168,NA
-167,NA
-166,NA
-165,NA
-164,NA
-163,NA
-162,NA
-161,NA
-160,NA
-159,NA
-158,NA
-157,NA
-156,NA
-155,NA
-154,NA
-153,NA
-152,NA
-151,NA
-150,NA
-149,NA
-148,NA
-147,NA
-146,NA
-145,NA
-144,NA
-143,NA
-142,NA
-141,NA
-140,NA
-139,NA
-138,NA
-137,NA
-136,NA
-135,NA
-134,NA
-133,NA
-132,NA
-131,NA
-130,NA
-129,NA
-128,NA
-127,NA
-126,NA
-125,NA
-124,NA
-123,NA
-122,NA
-121,NA
-120,NA
-119,NA
-118,NA
-117,NA
-116,NA
-115,NA
-114,NA
-113,NA
-112,NA
-111,NA
-110,NA
-109,NA
-108,NA
-107,NA
-106,NA
-105,NA
-104,NA
-103,NA
-102,NA
-101,NA
-100,NA
-99,NA
-98,NA
-97,NA
-96,NA
-95,NA
-94,NA
-93,NA
-92,NA
-91,NA
-90,NA
-89,NA
-88,NA
-87,NA
-86,NA
-85,NA
-84,NA
-83,NA
-82,NA
-81,NA
-80,NA
-79,NA
-78,NA
-77,NA
-76,NA
-75,NA
-74,NA
-73,NA
-72,NA
-71,NA
-70,NA
-69,NA
-68,NA
-67,NA
-66,NA
-65,NA
-64,NA
-63,NA
-62,NA
-61,NA
-60,NA
-59,NA
-58,NA
-57,NA
-56,NA
-55,NA
-54,NA
-53,NA
-52,NA
-51,NA
-50,NA
-49,NA
-48,NA
-47,NA
-46,NA
-45,NA
-44,NA
-43,NA
-42,NA
-41,NA
-40,NA
-39,NA
-38,NA
-37,NA
-36,NA
-35,NA
-34,NA
-33,NA
-32,NA
-31,NA
-30,NA
-29,NA
-28,NA
-27,NA
-26,NA
-25,NA
-24,NA
-23,NA
-22,NA
-21,NA
-20,NA
-19,NA
-18,NA
-17,NA
-16,NA
-15,NA
-14,NA
-13,NA
-12,NA
-11,NA
-10,NA
-9,NA
-8,NA
-7,NA
-6,NA
-5,NA
-4,NA
-3,NA
-2,NA
-1,NA
0,NA
1,NA
2,NA
3,NA
4,NA
5,NA
6,NA
7,NA
8,NA
9,NA
10,NA
11,NA
12,NA
13,NA
14,NA
15,NA
16,NA
17,NA
18,NA
19,NA
20,NA
21,NA
22,NA
23,NA
24,NA
25,NA
26,NA
27,NA
28,NA
29,NA
30,NA
31,NA
32,NA
33,NA
34,NA
35,NA
36,NA
37,NA
38,NA
39,NA
40,NA
41,NA
42,NA
43,NA
44,NA
45,NA
46,NA
47,NA
48,NA
49,NA
50,NA
51,NA
52,NA
53,NA
54,NA
55,NA
56,NA
57,NA
58,NA
59,NA
60,NA
61,NA
62,NA
63,NA
64,NA
65,NA
66,NA
67,NA
68,NA
69,NA
70,NA
71,NA
72,NA
73,NA
74,NA
75,NA
76,NA
77,NA
78,NA
79,NA
80,NA
81,NA
82,NA
83,NA
84,NA
85,NA
86,NA
87,NA
88,NA
89,NA
90,NA
91,NA
92,NA
93,NA
94,NA
95,NA
96,NA
97,NA
98,NA
99,NA
100,NA
101,NA
102,NA
103,NA
104,NA
105,NA
106,NA
107,NA
108,NA
109,NA
110,NA
111,NA
112,NA
113,NA
114,NA
115,NA
116,NA
117,NA
118,NA
119,NA
120,NA
121,NA
122,NA
123,NA
124,NA
125,NA
126,NA
127,NA
128,NA
129,NA
130,NA
131,NA
132,NA
133,NA
134,NA
135,NA
136,NA
137,NA
138,NA
139,NA
140,NA
141,NA
142,NA
143,NA
144,NA
145,NA
146,NA
147,NA
148,NA
149,NA
150,NA
151,NA
152,NA
153,NA
154,NA
155,NA
156,NA
157,NA
158,NA
159,NA
160,NA
161,NA
162,NA
163,NA
164,NA
165,NA
166,NA
167,NA
168,NA
169,NA
170,NA
171,NA
172,NA
173,NA
174,NA
175,NA
176,NA
177,NA
178,NA
179,NA
180,NA
181,NA
182,NA
183,NA
184,NA
185,NA
186,NA
187,NA
188,NA
189,NA
190,NA
191,NA
192,NA
193,NA
194,NA
195,NA
196,NA
197,NA
198,NA
199,NA
200,NA
201,NA
202,NA
203,NA
204,NA
205,NA
206,NA
207,NA
208,NA
209,NA
210,NA
211,NA
212,NA
213,NA
214,NA
215,NA
216,NA
217,NA
218,NA
219,NA
220,NA
221,NA
222,NA
223,NA
224,NA
225,NA
226,NA
227,NA
228,NA
229,NA
230,NA
231,NA
232,NA
233,NA
234,NA
235,NA
236,NA
237,NA
238,NA
239,NA
240,NA
241,NA
242,NA
243,NA
244,NA
245,NA
246,NA
247,NA
248,NA
249,NA
250,NA
251,NA
252,NA
253,NA
254,NA
255,NA
256,NA
257,NA
258,NA
259,NA
260,NA
261,NA
262,NA
263,NA
264,NA
265,NA
266,NA
267,NA
268,NA
269,NA
270,NA
271,NA
272,NA
273,NA
274,NA
275,NA
276,NA
277,NA
278,NA
279,NA
280,NA
281,NA
282,NA
283,NA
284,NA
285,NA
286,NA
287,NA
288,NA
289,NA
290,NA
291,NA
292,NA
293,NA
294,NA
295,NA
296,NA
297,NA
298,NA
299,NA
300,NA
301,NA
302,NA
303,NA
304,NA
305,NA
306,NA
307,NA
308,NA
309,NA
310,NA
311,NA
312,NA
313,NA
314,NA
315,NA
316,NA
317,NA
318,NA
319,NA
320,NA
321,NA
322,NA
323,NA
324,NA
325,NA
326,NA
327,NA
328,NA
329,NA
330,NA
331,NA
332,NA
333,NA
334,NA
335,NA
336,NA
337,NA
338,NA
339,NA
340,NA
341,NA
342,NA
343,NA
344,NA
345,NA
346,NA
347,NA
348,NA
349,NA
350,NA
351,NA
352,NA
353,NA
354,NA
355,NA
356,NA
357,NA
358,NA
359,NA
360,NA
361,NA
362,NA
363,NA
364,NA
365,NA
366,NA
367,NA
368,NA
369,NA
370,NA
371,NA
372,NA
373,NA
374,NA
375,NA
376,NA
377,NA
378,NA
379,NA
380,NA
381,NA
382,NA
383,NA
384,NA
385,NA
386,NA
387,NA
388,NA
389,NA
390,NA
391,NA
392,NA
393,NA
394,NA
395,NA
396,NA
397,NA
398,NA
399,NA
400,NA
401,NA
402,NA
403,NA
404,NA
405,NA
406,NA
407,NA
408,NA
409,NA
410,NA
411,NA
412,NA
413,NA
414,NA
415,NA
416,NA
417,NA
418,NA
419,NA
420,NA
421,NA
422,NA
423,NA
424,NA
425,NA
426,NA
427,NA
428,NA
429,NA
430,NA
431,NA
432,NA
433,NA
434,NA
435,NA
436,NA
437,NA
438,NA
439,NA
440,NA
441,NA
442,NA
443,NA
444,NA
445,NA
446,NA
447,NA
448,NA
449,NA
450,NA
451,NA
452,NA
453,NA
454,NA
455,NA
456,NA
457,NA
458,NA
459,NA
460,NA
461,NA
462,NA
463,NA
464,NA
465,NA
466,NA
467,NA
468,NA
469,NA
470,NA
471,NA
472,NA
473,NA
474,NA
475,NA
476,NA
477,NA
478,NA
479,NA
480,NA
481,NA
482,NA
483,NA
484,NA
485,NA
486,NA
487,NA
488,NA
489,NA
490,NA
491,NA
492,NA
493,NA
494,NA
495,NA
496,NA
497,NA
498,NA
499,NA
500,NA
501,NA
502,NA
503,NA
504,NA
505,NA
506,NA
507,NA
508,NA
509,NA
510,NA
511,NA
512,NA
513,NA
514,NA
515,NA
516,NA
517,NA
518,NA
519,NA
520,NA
521,NA
522,NA
523,NA
524,NA
525,NA
526,NA
527,NA
528,NA
529,NA
530,NA
531,NA
532,NA
533,NA
534,NA
535,NA
536,NA
537,NA
538,NA
539,NA
540,NA
541,NA
542,NA
543,NA
544,NA
545,NA
546,NA
547,NA
548,NA
549,NA
550,NA
551,NA
552,NA
553,NA
554,NA
555,NA
556,NA
557,NA
558,NA
559,NA
560,NA
561,NA
562,NA
563,NA
564,NA
565,NA
566,NA
567,NA
568,NA
569,NA
570,NA
571,NA
572,NA
573,NA
574,NA
575,NA
576,NA
577,NA
578,NA
579,NA
580,NA
581,NA
582,NA
583,NA
584,NA
585,NA
586,NA
587,NA
588,NA
589,NA
590,NA
591,NA
592,NA
593,NA
594,NA
595,NA
596,NA
597,NA
598,1.08
599,0.82
600,1.19
601,1.14
602,0.85
603,0.44
604,0.65
605,0.85
606,1.01
607,1.4
608,2.43
609,0.78
610,0.9
611,1.14
612,1.27
613,1.32
614,1.51
615,0.74
616,1.66
617,1.84
618,2.48
619,1.49
620,0.39
621,2.31
622,2.4
623,1.04
624,0.56
625,0.16
626,0.32
627,0.97
628,1.3
629,1.46
630,1.3
631,1.95
632,1.47
633,0.81
634,0.24
635,0.24
636,0.98
637,1.55
638,0.98
639,0.65
640,0.24
641,0.9
642,1.22
643,0.49
644,0.9
645,0.33
646,0.9
647,0.82
648,0.33
649,2.12
650,1.74
651,1.85
652,1.9
653,1.69
654,0.71
655,1.34
656,0.9
657,1
658,0.72
659,0.76
660,0.83
661,0.6
662,1.03
663,0.48
664,0.75
665,1.01
666,0.4
667,1.37
668,1.6
669,1.35
670,1.16
671,0.96
672,0
673,1.17
674,0.49
675,0.4
676,1.18
677,0.63
678,0.34
679,1.32
680,0.72
681,0.49
682,0.9
683,1.32
684,1.58
685,1.38
686,0.29
687,1.33
688,1.27
689,1.77
690,1.5
691,0.88
692,0.83
693,1.13
694,0.59
695,1.39
696,1.01
697,1.33
698,0.62
699,0.88
700,0.75
701,0.57
702,1.12
703,0.72
704,0.25
705,0.68
706,0.36
707,0.89
708,1.27
709,1.03
710,0.86
711,0.72
712,0.23
713,1.17
714,2.01
715,2.16
716,1.54
717,0.52
718,1.36
719,1.44
720,1.5
721,0.71
722,0.59
723,0.04
724,0.2
725,1.76
726,1.57
727,0.85
728,1.38
729,0.99
730,1.25
731,1.22
732,1.06
733,0.89
734,0.94
735,0.24
736,0.12
737,1.28
738,0.22
739,1.06
740,1.31
741,1.15
742,0.37
743,0.09
744,1.15
745,1.27
746,2.21
747,1.86
748,0.55
749,2.42
750,0.98
751,0.62
752,1.17
753,1.15
754,1.43
755,0.65
756,1.27
757,0.66
758,0.92
759,0.66
760,0.44
761,1.48
762,1.2
763,1.03
764,1.03
765,0.85
766,1.81
767,1.2
768,0.98
769,1.12
770,0.64
771,0.92
772,1.26
773,0.79
774,0.04
775,0.69
776,1.56
777,1.3
778,0.34
779,0.55
780,1.28
781,0.64
782,0.33
783,0.51
784,1.04
785,1.07
786,0.58
787,1.8
788,0.97
789,0.44
790,0.51
791,1.07
792,1.26
793,0.79
794,0.87
795,0.55
796,1.05
797,0.9
798,1.05
799,0.95
800,2.22
801,1.8
802,1.53
803,1.43
804,1.04
805,1.25
806,1.56
807,0.35
808,0.89
809,0.14
810,0.86
811,0.78
812,0.97
813,1.3
814,1.38
815,1.67
816,0.84
817,1.05
818,0.61
819,0.21
820,0.67
821,1.67
822,1.07
823,0.13
824,0.37
825,0.79
826,1.64
827,1.41
828,1.38
829,0.83
830,1.44
831,1.02
832,0.9
833,1.03
834,1.38
835,0.24
836,1.05
837,0.16
838,1.36
839,1.23
840,0.39
841,1.15
842,1.17
843,1.34
844,1.01
845,1.07
846,0.65
847,0.66
848,0.94
849,1.26
850,0.68
851,0.64
852,1.06
853,1.55
854,1.59
855,1.47
856,1.63
857,0.92
858,2.08
859,1.31
860,1.79
861,0.86
862,1.21
863,1.29
864,0.74
865,1.14
866,1.51
867,1.04
868,0.34
869,1.17
870,0.36
871,1.17
872,0.92
873,1.77
874,1.02
875,0.55
876,1.04
877,1.3
878,0.27
879,1.29
880,1.34
881,0.98
882,0.25
883,1.44
884,0.51
885,1.23
886,1.47
887,1.32
888,1.47
889,1.08
890,1.76
891,0.61
892,0.08
893,1.27
894,0.62
895,0.93
896,0.96
897,0.7
898,0.46
899,0.76
900,0.39
901,0.01
902,0.95
903,0.78
904,1.05
905,1.19
906,0.15
907,0.05
908,1.31
909,0.88
910,0.96
911,1.15
912,0.48
913,0.8
914,0.78
915,1.31
916,1.57
917,1.34
918,1.42
919,1.43
920,1.08
921,1
922,0.41
923,1.17
924,0.39
925,1.16
926,1.08
927,0.72
928,1.13
929,1
930,0.98
931,0.91
932,1.1
933,1.19
934,1.32
935,1.15
936,1.27
937,1
938,1.21
939,0.78
940,1.29
941,1.76
942,1.16
943,0.54
944,1.07
945,1.22
946,1.63
947,1.1
948,1.19
949,1.77
950,0.78
951,0.51
952,0.98
953,0.36
954,0.29
955,0.8
956,1.5
957,1.08
958,0.26
959,1.3
960,1.32
961,0.45
962,1.58
963,1.07
964,1.07
965,0.76
966,1.56
967,1.75
968,1.81
969,0.49
970,1.51
971,1.05
972,0.59
973,1.07
974,0.56
975,0.13
976,1.15
977,1.23
978,0.77
979,1.06
980,0.57
981,0.64
982,0.94
983,0.72
984,0.49
985,1.28
986,1.64
987,1.87
988,1.59
989,1.96
990,1.09
991,0.43
992,0.42
993,0.68
994,1.51
995,1.69
996,1.72
997,1.63
998,1.3
999,0.25
1000,1.04
1001,0.32
1002,0.7
1003,0.46
1004,0.9
1005,0.54
1006,0.57
1007,1.53
1008,1.37
1009,0.52
1010,0.62
1011,0.41
1012,1.21
1013,0.87
1014,0.34
1015,1.25
1016,1.41
1017,0.73
1018,1
1019,0.5
1020,1.01
1021,1.02
1022,0.94
1023,0.83
1024,1.66
1025,1.7
1026,1.96
1027,1
1028,1.38
1029,1.62
1030,0.52
1031,1.01
1032,1.2
1033,1.33
1034,0.75
1035,0.17
1036,0.92
1037,0.97
1038,1.34
1039,0.9
1040,1.02
1041,0.32
1042,1.11
1043,1
1044,0.38
1045,0.47
1046,0.91
1047,0.8
1048,0.21
1049,0.94
1050,1.19
1051,0.64
1052,1.51
1053,1.48
1054,1.09
1055,1.04
1056,1.18
1057,1.2
1058,0.76
1059,0.86
1060,1.43
1061,1.23
1062,0.77
1063,1.8
1064,1.53
1065,1.77
1066,1.66
1067,0.61
1068,0.35
1069,0.85
1070,1.06
1071,1.02
1072,1.22
1073,0.92
1074,0.92
1075,0.4
1076,1.31
1077,1.16
1078,1.17
1079,0.87
1080,1.06
1081,0.57
1082,1.81
1083,0.8
1084,0.94
1085,0.32
1086,1.02
1087,0.93
1088,1.17
1089,1.46
1090,0.11
1091,0.32
1092,1.18
1093,0.76
1094,0.67
1095,1.42
1096,1.05
1097,0.49
1098,0.6
1099,0.12
1100,0.7
1101,1.34
1102,1.41
1103,0.96
1104,1.72
1105,0.85
1106,1.12
1107,0.89
1108,0.8
1109,1.56
1110,1.25
1111,1.31
1112,1.14
1113,1.16
1114,0.67
1115,1
1116,1.17
1117,1.26
1118,1.56
1119,1.32
1120,1.31
1121,0.45
1122,1.38
1123,0.98
1124,1.07
1125,1.1
1126,1.09
1127,0.87
1128,1.09
1129,1.51
1130,0.86
1131,0.48
1132,0.66
1133,0.93
1134,0.32
1135,0.45
1136,1.06
1137,0.49
1138,0.57
1139,0.76
1140,0.44
1141,1.13
1142,1.31
1143,0.63
1144,0.88
1145,1.4
1146,0.47
1147,0.92
1148,1.04
1149,0.96
1150,0.34
1151,0.32
1152,1.36
1153,1.72
1154,1.57
1155,1.34
1156,0.69
1157,0.34
1158,0.37
1159,1.2
1160,1.42
1161,0.58
1162,2.06
1163,1.82
1164,1.29
1165,1.18
1166,0.59
1167,1.43
1168,0.94
1169,0.54
1170,1.07
1171,1.66
1172,0.94
1173,1.19
1174,0.55
1175,1.16
1176,0.8
1177,0.64
1178,1.12
1179,1.04
1180,1.37
1181,1.46
1182,0.5
1183,0.9
1184,1.64
1185,1.34
1186,0.37
1187,0.7
1188,0.86
1189,0.55
1190,0.98
1191,1.61
1192,0.54
1193,0.66
1194,1.13
1195,1.11
1196,1.17
1197,0.96
1198,0.72
1199,0.91
1200,1.64
1201,1.8
1202,1.36
1203,1.56
1204,1.24
1205,0.6
1206,0.81
1207,1.32
1208,0.93
1209,1.44
1210,1.16
1211,1.26
1212,1.12
1213,1.04
1214,0.56
1215,0.58
1216,0.43
1217,0.17
1218,0.41
1219,1.06
1220,0.58
1221,0.29
1222,0.78
1223,0.88
1224,0.48
1225,0.83
1226,0.84
1227,0.26
1228,1.3
1229,1.54
1230,1.67
1231,1.2
1232,1.4
1233,1.03
1234,0.81
1235,1.86
1236,1.24
1237,1.2
1238,1.5
1239,0.86
1240,0.65
1241,1.76
1242,1.4
1243,1.26
1244,1.6
1245,1.62
1246,0.6
1247,0.79
1248,0.6
1249,0.94
1250,0.77
1251,0.15
1252,0.46
1253,0.93
1254,0.06
1255,0.95
1256,0.45
1257,1.07
1258,0.27
1259,1.21
1260,0.87
1261,0.64
1262,1.34
1263,0.55
1264,0.9
1265,0.88
1266,1.28
1267,1.28
1268,1.87
1269,1.26
1270,0.8
1271,1.07
1272,1
1273,0.7
1274,0.92
1275,1.23
1276,0.38
1277,0.81
1278,0.4
1279,1.03
1280,0.38
1281,1.01
1282,0.69
1283,1.12
1284,0.74
1285,1.12
1286,0.43
1287,1.28
1288,0.53
1289,1.25
1290,1.54
1291,0.66
1292,0.82
1293,1.48
1294,0.82
1295,0.96
1296,0.79
1297,1.55
1298,1.74
1299,1.13
1300,1.62
1301,1.23
1302,1.61
1303,0.97
1304,0.57
1305,1.44
1306,0.69
1307,0.92
1308,0.68
1309,1.6
1310,1.42
1311,0.91
1312,0.69
1313,1.62
1314,1.43
1315,0.35
1316,0.35
1317,1.19
1318,1.48
1319,1.45
1320,1.04
1321,1.34
1322,1.19
1323,0.8
1324,0.68
1325,1.77
1326,0.9
1327,0.91
1328,0.81
1329,1.13
1330,1.45
1331,0.93
1332,1.58
1333,1.62
1334,1.26
1335,0.77
1336,0.78
1337,0.78
1338,0.28
1339,0.88
1340,0.62
1341,0.69
1342,0.67
1343,0.96
1344,1.16
1345,1.22
1346,1.42
1347,0.19
1348,0.88
1349,1.15
1350,1.16
1351,1.3
1352,0.28
1353,1.48
1354,1.43
1355,0.81
1356,1.19
1357,0.9
1358,1.6
1359,1.52
1360,0.93
1361,1.29
1362,0.73
1363,0.42
1364,0.88
1365,1.28
1366,0.87
1367,1.02
1368,1.54
1369,0.4
1370,1.37
1371,1.03
1372,1.45
1373,1.1
1374,1.28
1375,0.82
1376,0.4
1377,0.59
1378,1.18
1379,0.89
1380,1.01
1381,1.01
1382,0.71
1383,1.52
1384,1.22
1385,1.35
1386,1.36
1387,1.22
1388,0.99
1389,1.04
1390,0.52
1391,0.6
1392,1.24
1393,1.23
1394,1.11
1395,1.47
1396,0.76
1397,0.67
1398,1.2
1399,0.31
1400,0.37
1401,0.9
1402,1
1403,0.9
1404,1.2
1405,0.92
1406,1.15
1407,0.42
1408,1.27
1409,1.26
1410,1.53
1411,0.73
1412,1.32
1413,0.44
1414,1.52
1415,0.28
1416,0.64
1417,0.9
1418,0.39
1419,0.29
1420,0.42
1421,0.91
1422,0.33
1423,0.3
1424,0.28
1425,1.04
1426,1.24
1427,1.18
1428,1.62
1429,1.03
1430,1.02
1431,1.4
1432,0.76
1433,1.72
1434,1.51
1435,1.27
1436,0.93
1437,1.29
1438,0.53
1439,1.22
1440,1.13
1441,1.34
1442,1.19
1443,1.4
1444,0.84
1445,0.53
1446,1.53
1447,1.27
1448,1.16
1449,0.6
1450,0.5
1451,1.23
1452,1.02
1453,1.26
1454,1.14
1455,0.57
1456,0.9
1457,0.61
1458,1.38
1459,0.65
1460,0.73
1461,0.34
1462,0.93
1463,0.86
1464,0.49
1465,1.06
1466,1.67
1467,1.39
1468,1.25
1469,1.21
1470,0.74
1471,0.14
1472,0.91
1473,0.74
1474,0.77
1475,0.19
1476,1.26
1477,0.65
1478,1.53
1479,1
1480,0.22
1481,1.13
1482,1.27
1483,0.71
1484,1.8
1485,1.76
1486,1.4
1487,0.81
1488,1.32
1489,1.17
1490,1.11
1491,1
1492,1.46
1493,0.76
1494,1.37
1495,0.28
1496,1.16
1497,0.81
1498,1.71
1499,1.32
1500,0.47
1501,0.95
1502,0.89
1503,1.07
1504,0.82
1505,0.93
1506,0.42
1507,1.14
1508,1.21
1509,0.9
1510,0.97
1511,1.69
1512,1.34
1513,1.78
1514,1.44
1515,1.48
1516,0.12
1517,0.5
1518,1.18
1519,1.57
1520,1.61
1521,1.7
1522,0.24
1523,0.26
1524,0.39
1525,0.58
1526,1
1527,0.97
1528,0.55
1529,1
1530,0.97
1531,1.15
1532,0.64
1533,1.11
1534,1.16
1535,0.74
1536,1.39
1537,1.3
1538,0.79
1539,1.74
1540,2.29
1541,1.95
1542,0.38
1543,1.82
1544,0.84
1545,0.68
1546,0.75
1547,0.92
1548,0.57
1549,0.56
1550,1.33
1551,0.72
1552,0.77
1553,1.22
1554,0.93
1555,1.06
1556,1.11
1557,1.28
1558,1.01
1559,0.87
1560,0.21
1561,0.74
1562,0.49
1563,0.56
1564,0.92
1565,1.38
1566,1.16
1567,0.63
1568,1.06
1569,1.78
1570,1.62
1571,0.84
1572,1.61
1573,0.33
1574,0.96
1575,1.08
1576,0.41
1577,2.06
1578,1.1
1579,0.14
1580,0.1
1581,0.52
1582,0.63
1583,0.12
1584,0.61
1585,0.13
1586,0.96
1587,0.73
1588,0.9
1589,0.91
1590,0.07
1591,0.7
1592,0.56
1593,0.14
1594,1.81
1595,1.48
1596,2.4
1597,1.92
1598,0.84
1599,2.05
1600,0.42
1601,0.61
1602,1.17
1603,1.2
1604,0.86
1605,1.14
1606,1.35
1607,0.97
1608,1.18
1609,1.39
1610,2.3
1611,2.08
1612,1.36
1613,1.34
1614,0.79
1615,1.08
1616,0.73
1617,1.35
1618,1.3
1619,1.11
1620,1.17
1621,1.57
1622,1.24
1623,1.12
1624,0.46
1625,0.51
1626,0.6
1627,1.48
1628,0.75
1629,1.47
1630,1.25
1631,0.82
1632,0.35
1633,1.18
1634,1.19
1635,0.94
1636,1.25
1637,0.84
1638,0.48
1639,1.03
1640,1.15
1641,0.87
1642,0.78
1643,1.31
1644,1.16
1645,0.79
1646,1.3
1647,1.38
1648,0.38
1649,1.18
1650,1.02
1651,1.68
1652,1.85
1653,1.01
1654,1.02
1655,1.65
1656,1.15
1657,0.78
1658,0.81
1659,0.73
1660,1.16
1661,1.55
1662,1.19
1663,0.95
1664,0.46
1665,1.19
1666,0.78
1667,0.52
1668,0.58
1669,0.58
1670,0.49
1671,0.86
1672,0.95
1673,1.2
1674,1.18
1675,1.07
1676,0.42
1677,0.87
1678,1.09
1679,0.93
1680,1.33
1681,0.49
1682,1.07
1683,1.4
1684,0.81
1685,0.18
1686,0.72
1687,0.98
1688,0.92
1689,1.51
1690,1.22
1691,0.98
1692,1.53
1693,1.13
1694,1.04
1695,1.23
1696,0.41
1697,1.06
1698,0.78
1699,1.38
1700,0.88
1701,1.38
1702,0.75
1703,1.12
1704,0.53
1705,0.77
1706,1.5
1707,0.98
1708,1.41
1709,0.8
1710,1.5
1711,0.67
1712,1.34
1713,1.13
1714,0.6
1715,0.74
1716,0.53
1717,0.96
1718,1.18
1719,0.66
1720,1.52
1721,1.42
1722,1.36
1723,1.42
1724,1.01
1725,1.06
1726,1.48
1727,1.14
1728,0.8
1729,0.32
1730,0.66
1731,1
1732,1.04
1733,0.32
1734,1.2
1735,0.45
1736,0.99
1737,0.44
1738,0.59
1739,0.31
1740,0.89
1741,0.88
1742,0.79
1743,1.25
1744,1.04
1745,1.36
1746,1.68
1747,1.72
1748,0.18
1749,1.6
1750,0.72
1751,1.29
1752,0.27
1753,1.13
1754,1.22
1755,0.85
1756,0.73
1757,0.4
1758,1.22
1759,1.14
1760,0.86
1761,1.33
1762,1.35
1763,0.49
1764,1.19
1765,0.92
1766,1.4
1767,1.42
1768,1.4
1769,1.15
1770,1.32
1771,1.6
1772,0.9
1773,0.09
1774,0.71
1775,0.7
1776,0.65
1777,0.68
1778,0.98
1779,0.5
1780,0.39
1781,0.53
1782,0.61
1783,1.26
1784,1.88
1785,1.38
1786,0.82
1787,1.29
1788,1.22
1789,0.56
1790,1.36
1791,1.42
1792,1.42
1793,1.99
1794,1.02
1795,1.42
1796,0.72
1797,0.77
1798,1.54
1799,1.42
1800,1.23
1801,0.65
1802,0.93
1803,1.16
1804,1.27
1805,1.04
1806,0.09
1807,1.32
1808,0.93
1809,0.79
1810,1.25
1811,1.39
1812,0.93
1813,0.81
1814,0.84
1815,1.34
1816,1.71
1817,1.72
1818,0.52
1819,0.68
1820,1.2
1821,1.47
1822,0.02
1823,0.2
1824,0.63
1825,1.09
1826,1.04
1827,0.67
1828,1.51
1829,0.9
1830,1.35
1831,0.66
1832,1.03
1833,1.54
1834,1.73
1835,1.52
1836,1.35
1837,1.51
1838,1.55
1839,2.15
1840,2.07
1841,2.17
1842,0.95
1843,1.31
1844,1.37
1845,0.71
1846,1.25
1847,0.24
1848,1.1
1849,1.81
1850,1.26
1851,0.5
1852,1.47
1853,1.12
1854,0.86
1855,1.24
1856,1.11
1857,1.06
1858,1.01
1859,0.38
1860,1.12
1861,0.28
1862,0.38
1863,1.07
1864,0.14
1865,1.11
1866,1.47
1867,1.36
1868,1.77
1869,1.74
1870,1.15
1871,1.49
1872,1.56
1873,1.33
1874,1.08
1875,1.36
1876,0.98
1877,1.5
1878,0.53
1879,0.93
1880,0.06
1881,0.81
1882,1.35
1883,0.7
1884,1.21
1885,1.3
1886,1.01
1887,1.32
1888,1.1
1889,1.32
1890,0.76
1891,1.18
1892,1.07
1893,0.08
1894,0.96
1895,1.04
1896,0.04
1897,1.3
1898,0.99
1899,0.02
1900,0.08
1901,0.68
1902,0.62
1903,1.17
1904,0
1905,0.95
1906,0.84
1907,1.28
1908,1.17
1909,0.98
1910,0.34
1911,1.18
1912,1.22
1913,0.64
1914,1.24
1915,1.23
1916,1.28
1917,0.76
1918,0.27
1919,1.09
1920,1.3
1921,0.9
1922,0.13
1923,0.25
1924,0.88
1925,0.04
1926,0.97
1927,0.53
1928,0.54
1929,0.42
1930,0.86
1931,1.4
1932,1.64
1933,0.84
1934,0.94
1935,1.37
1936,1.38
1937,1.25
1938,0.79
1939,0.83
1940,0.86
1941,1.49
1942,1.63
1943,1.33
1944,1.17
1945,1.28
1946,0.03
1947,0.93
1948,1.25
1949,1.45
1950,0.21
1951,0.03
1952,0.79
1953,0.41
1954,0.69
1955,0.18
1956,0.02
1957,0.17
1958,0.98
1959,0.69
1960,1.15
1961,1.15
1962,0.55
1963,0.6
1964,0.52
1965,1.31
1966,0.78
1967,0
1968,1.47
1969,1.67
1970,1.69
1971,0.52
1972,1.58
1973,NA
1974,NA
1975,NA
1976,NA
1977,NA
1978,NA
1979,NA
1980,NA
1981,NA
1982,NA
1983,NA
1984,NA
1985,NA
1986,NA
1987,NA
1988,NA
1989,NA
1990,NA
1991,NA
1992,NA
1993,NA
1994,NA
1995,NA
1996,NA
1997,NA
1998,NA
1999,NA
2000,NA
2001,NA
2002,NA
2003,NA
2004,NA
2005,NA
2006,NA
2007,NA
2008,NA
2009,NA
2010,NA
2011,NA