Year,MEA
-319,NA
-318,NA
-317,NA
-316,NA
-315,NA
-314,NA
-313,NA
-312,NA
-311,NA
-310,NA
-309,NA
-308,NA
-307,NA
-306,NA
-305,NA
-304,NA
-303,NA
-302,NA
-301,NA
-300,NA
-299,NA
-298,NA
-297,NA
-296,NA
-295,NA
-294,NA
-293,NA
-292,NA
-291,NA
-290,NA
-289,NA
-288,NA
-287,NA
-286,NA
-285,NA
-284,NA
-283,NA
-282,NA
-281,NA
-280,NA
-279,NA
-278,NA
-277,NA
-276,NA
-275,NA
-274,NA
-273,NA
-272,NA
-271,NA
-270,NA
-269,NA
-268,NA
-267,NA
-266,NA
-265,NA
-264,NA
-263,NA
-262,NA
-261,NA
-260,NA
-259,NA
-258,NA
-257,NA
-256,NA
-255,NA
-254,NA
-253,NA
-252,NA
-251,NA
-250,NA
-249,NA
-248,NA
-247,NA
-246,NA
-245,NA
-244,NA
-243,NA
-242,NA
-241,NA
-240,NA
-239,NA
-238,NA
-237,NA
-236,NA
-235,NA
-234,NA
-233,NA
-232,NA
-231,NA
-230,NA
-229,NA
-228,NA
-227,NA
-226,NA
-225,NA
-224,NA
-223,NA
-222,NA
-221,NA
-220,NA
-219,NA
-218,NA
-217,NA
-216,NA
-215,NA
-214,NA
-213,NA
-212,NA
-211,NA
-210,NA
-209,NA
-208,NA
-207,NA
-206,NA
-205,NA
-204,NA
-203,NA
-202,NA
-201,NA
-200,NA
-199,NA
-198,NA
-197,NA
-196,NA
-195,NA
-194,NA
-193,NA
-192,NA
-191,NA
-190,NA
-189,NA
-188,NA
-187,NA
-186,NA
-185,NA
-184,NA
-183,NA
-182,NA
-181,NA
-180,NA
-179,NA
-178,NA
-177,NA
-176,NA
-175,NA
-174,NA
-173,NA
-172,NA
-171,NA
-170,NA
-169,NA
-168,NA
-167,NA
-166,NA
-165,NA
-164,NA
-163,NA
-162,NA
-161,NA
-160,NA
-159,NA
-158,NA
-157,NA
-156,NA
-155,NA
-154,NA
-153,NA
-152,NA
-151,NA
-150,NA
-149,NA
-148,NA
-147,NA
-146,NA
-145,NA
-144,NA
-143,NA
-142,NA
-141,NA
-140,NA
-139,NA
-138,NA
-137,NA
-136,NA
-135,NA
-134,NA
-133,NA
-132,NA
-131,NA
-130,NA
-129,NA
-128,NA
-127,NA
-126,NA
-125,NA
-124,NA
-123,NA
-122,NA
-121,NA
-120,NA
-119,NA
-118,NA
-117,NA
-116,NA
-115,NA
-114,NA
-113,NA
-112,NA
-111,NA
-110,NA
-109,NA
-108,NA
-107,NA
-106,NA
-105,NA
-104,NA
-103,NA
-102,NA
-101,NA
-100,NA
-99,NA
-98,NA
-97,NA
-96,NA
-95,NA
-94,NA
-93,NA
-92,NA
-91,NA
-90,NA
-89,NA
-88,NA
-87,NA
-86,NA
-85,NA
-84,NA
-83,NA
-82,NA
-81,NA
-80,NA
-79,NA
-78,NA
-77,NA
-76,NA
-75,NA
-74,NA
-73,NA
-72,NA
-71,NA
-70,NA
-69,NA
-68,NA
-67,NA
-66,NA
-65,NA
-64,NA
-63,NA
-62,NA
-61,NA
-60,NA
-59,NA
-58,NA
-57,NA
-56,NA
-55,NA
-54,NA
-53,NA
-52,NA
-51,NA
-50,NA
-49,NA
-48,NA
-47,NA
-46,NA
-45,NA
-44,NA
-43,NA
-42,NA
-41,NA
-40,NA
-39,NA
-38,NA
-37,NA
-36,NA
-35,NA
-34,NA
-33,NA
-32,NA
-31,NA
-30,NA
-29,NA
-28,NA
-27,NA
-26,NA
-25,NA
-24,NA
-23,NA
-22,NA
-21,NA
-20,NA
-19,NA
-18,NA
-17,NA
-16,NA
-15,NA
-14,NA
-13,NA
-12,NA
-11,NA
-10,NA
-9,NA
-8,NA
-7,NA
-6,NA
-5,NA
-4,NA
-3,NA
-2,NA
-1,NA
0,NA
1,NA
2,NA
3,NA
4,NA
5,NA
6,NA
7,NA
8,NA
9,NA
10,NA
11,NA
12,NA
13,NA
14,NA
15,NA
16,NA
17,NA
18,NA
19,NA
20,NA
21,NA
22,NA
23,NA
24,NA
25,NA
26,NA
27,NA
28,NA
29,NA
30,NA
31,NA
32,NA
33,NA
34,NA
35,NA
36,NA
37,NA
38,NA
39,NA
40,NA
41,NA
42,NA
43,NA
44,NA
45,NA
46,NA
47,NA
48,NA
49,NA
50,NA
51,NA
52,NA
53,NA
54,NA
55,NA
56,NA
57,NA
58,NA
59,NA
60,NA
61,NA
62,NA
63,NA
64,NA
65,NA
66,NA
67,NA
68,NA
69,NA
70,NA
71,NA
72,NA
73,NA
74,NA
75,NA
76,NA
77,NA
78,NA
79,NA
80,NA
81,NA
82,NA
83,NA
84,NA
85,NA
86,NA
87,NA
88,NA
89,NA
90,NA
91,NA
92,NA
93,NA
94,NA
95,NA
96,NA
97,NA
98,NA
99,NA
100,NA
101,NA
102,NA
103,NA
104,NA
105,NA
106,NA
107,NA
108,NA
109,NA
110,NA
111,NA
112,NA
113,NA
114,NA
115,NA
116,NA
117,NA
118,NA
119,NA
120,NA
121,NA
122,NA
123,NA
124,NA
125,NA
126,NA
127,NA
128,NA
129,NA
130,NA
131,NA
132,NA
133,NA
134,NA
135,NA
136,NA
137,NA
138,NA
139,NA
140,NA
141,NA
142,NA
143,NA
144,NA
145,NA
146,NA
147,NA
148,NA
149,NA
150,NA
151,NA
152,NA
153,NA
154,NA
155,NA
156,NA
157,NA
158,NA
159,NA
160,NA
161,NA
162,NA
163,NA
164,NA
165,NA
166,NA
167,NA
168,NA
169,NA
170,NA
171,NA
172,NA
173,NA
174,NA
175,NA
176,NA
177,NA
178,NA
179,NA
180,NA
181,NA
182,NA
183,NA
184,NA
185,NA
186,NA
187,NA
188,NA
189,NA
190,NA
191,NA
192,NA
193,NA
194,NA
195,NA
196,NA
197,NA
198,NA
199,NA
200,NA
201,NA
202,NA
203,NA
204,NA
205,NA
206,NA
207,NA
208,NA
209,NA
210,NA
211,NA
212,NA
213,NA
214,NA
215,NA
216,NA
217,NA
218,NA
219,NA
220,NA
221,NA
222,NA
223,NA
224,NA
225,NA
226,NA
227,NA
228,NA
229,NA
230,NA
231,NA
232,NA
233,NA
234,NA
235,NA
236,NA
237,NA
238,NA
239,NA
240,NA
241,NA
242,NA
243,NA
244,NA
245,NA
246,NA
247,NA
248,NA
249,NA
250,NA
251,NA
252,NA
253,NA
254,NA
255,NA
256,NA
257,NA
258,NA
259,NA
260,NA
261,NA
262,NA
263,NA
264,NA
265,NA
266,NA
267,NA
268,NA
269,NA
270,NA
271,NA
272,NA
273,NA
274,NA
275,NA
276,NA
277,NA
278,NA
279,NA
280,NA
281,NA
282,NA
283,NA
284,NA
285,NA
286,NA
287,NA
288,NA
289,NA
290,NA
291,NA
292,NA
293,NA
294,NA
295,NA
296,NA
297,NA
298,NA
299,NA
300,NA
301,NA
302,NA
303,NA
304,NA
305,NA
306,NA
307,NA
308,NA
309,NA
310,NA
311,NA
312,NA
313,NA
314,NA
315,NA
316,NA
317,NA
318,NA
319,NA
320,NA
321,NA
322,NA
323,NA
324,NA
325,NA
326,NA
327,NA
328,NA
329,NA
330,NA
331,NA
332,NA
333,NA
334,NA
335,NA
336,NA
337,NA
338,NA
339,NA
340,NA
341,NA
342,NA
343,NA
344,NA
345,NA
346,NA
347,NA
348,NA
349,NA
350,NA
351,NA
352,NA
353,NA
354,NA
355,NA
356,NA
357,NA
358,NA
359,NA
360,NA
361,NA
362,NA
363,NA
364,NA
365,NA
366,NA
367,NA
368,NA
369,NA
370,NA
371,NA
372,NA
373,NA
374,NA
375,NA
376,NA
377,NA
378,NA
379,NA
380,NA
381,NA
382,NA
383,NA
384,NA
385,NA
386,NA
387,NA
388,NA
389,NA
390,NA
391,NA
392,NA
393,NA
394,NA
395,NA
396,NA
397,NA
398,NA
399,NA
400,NA
401,NA
402,NA
403,NA
404,NA
405,NA
406,NA
407,NA
408,NA
409,NA
410,NA
411,NA
412,NA
413,NA
414,NA
415,NA
416,NA
417,NA
418,NA
419,NA
420,NA
421,NA
422,NA
423,NA
424,NA
425,NA
426,NA
427,NA
428,NA
429,NA
430,NA
431,NA
432,NA
433,NA
434,NA
435,NA
436,NA
437,NA
438,NA
439,NA
440,NA
441,NA
442,NA
443,NA
444,NA
445,NA
446,NA
447,NA
448,NA
449,NA
450,NA
451,NA
452,NA
453,NA
454,NA
455,NA
456,NA
457,NA
458,NA
459,NA
460,NA
461,NA
462,NA
463,NA
464,NA
465,NA
466,NA
467,NA
468,NA
469,NA
470,NA
471,NA
472,NA
473,NA
474,NA
475,NA
476,NA
477,NA
478,NA
479,NA
480,NA
481,NA
482,NA
483,NA
484,NA
485,NA
486,NA
487,NA
488,NA
489,NA
490,NA
491,NA
492,NA
493,NA
494,NA
495,NA
496,NA
497,NA
498,NA
499,NA
500,NA
501,NA
502,NA
503,NA
504,NA
505,NA
506,NA
507,NA
508,NA
509,NA
510,NA
511,NA
512,NA
513,NA
514,NA
515,NA
516,NA
517,NA
518,NA
519,NA
520,NA
521,NA
522,NA
523,NA
524,NA
525,NA
526,NA
527,NA
528,NA
529,NA
530,NA
531,NA
532,NA
533,NA
534,NA
535,NA
536,NA
537,NA
538,NA
539,NA
540,NA
541,NA
542,NA
543,NA
544,NA
545,NA
546,NA
547,NA
548,NA
549,NA
550,NA
551,NA
552,NA
553,NA
554,NA
555,NA
556,NA
557,NA
558,NA
559,NA
560,NA
561,NA
562,NA
563,NA
564,NA
565,NA
566,NA
567,NA
568,NA
569,NA
570,NA
571,NA
572,NA
573,NA
574,NA
575,NA
576,NA
577,NA
578,NA
579,NA
580,NA
581,NA
582,NA
583,NA
584,NA
585,NA
586,NA
587,NA
588,NA
589,NA
590,NA
591,NA
592,NA
593,NA
594,NA
595,NA
596,NA
597,NA
598,NA
599,NA
600,NA
601,NA
602,NA
603,NA
604,NA
605,NA
606,NA
607,NA
608,NA
609,NA
610,NA
611,NA
612,NA
613,NA
614,NA
615,NA
616,NA
617,NA
618,NA
619,NA
620,0.37
621,0.51
622,0.9
623,1.33
624,1.74
625,1.48
626,0.68
627,0.81
628,1.05
629,0.98
630,0.63
631,0.63
632,0.93
633,1.13
634,0.54
635,1
636,1.08
637,1.04
638,1.05
639,0.67
640,0.48
641,0.82
642,0.62
643,1.32
644,1.27
645,0.76
646,0.87
647,0.35
648,0.68
649,1.19
650,0.84
651,1
652,0.95
653,0.88
654,1.24
655,1.47
656,1.76
657,1.3
658,1.48
659,0.9
660,0.67
661,1.33
662,1.33
663,0.67
664,1.09
665,1.6
666,1.47
667,2.01
668,2.13
669,1.5
670,1.17
671,1.59
672,1.44
673,1.87
674,1.1
675,0.69
676,1.12
677,0.33
678,0.63
679,1.5
680,0.87
681,0.81
682,1.38
683,1.52
684,1.68
685,1.52
686,0.69
687,1.39
688,1.78
689,2.11
690,1.09
691,1.01
692,0.52
693,1.3
694,0.37
695,1.12
696,0.58
697,0.9
698,0.55
699,0.96
700,0.51
701,0.73
702,0.94
703,0.7
704,0.56
705,0.29
706,0.41
707,0.62
708,0.66
709,0.35
710,0.38
711,0.44
712,0.23
713,0.72
714,1.06
715,0.81
716,0.72
717,0.79
718,0.69
719,1.27
720,0.94
721,0.65
722,0.66
723,0.49
724,0.58
725,1.64
726,1.25
727,0.98
728,1.45
729,0.62
730,1.51
731,1.35
732,0.98
733,1.11
734,1.19
735,0.59
736,1.01
737,0.93
738,0.55
739,0.88
740,1.22
741,0.75
742,0.38
743,0.87
744,1.15
745,1.09
746,1.21
747,1.52
748,0.8
749,1.38
750,0.44
751,0.76
752,1.02
753,0.85
754,0.77
755,0.72
756,0.66
757,0.58
758,0.92
759,0.83
760,0
761,0.25
762,1.17
763,1.22
764,0.52
765,0.59
766,0.79
767,0.83
768,0.83
769,1.18
770,1.07
771,0.52
772,0.76
773,1.12
774,0.97
775,0.43
776,1.28
777,1.43
778,0.91
779,1.02
780,0.72
781,1.77
782,1.35
783,0.63
784,1.32
785,1.58
786,0.68
787,0.4
788,1.43
789,0.92
790,0.8
791,0.58
792,1.29
793,1.34
794,1.19
795,1.06
796,0.8
797,1.44
798,0.57
799,1.53
800,0.7
801,1.87
802,1.29
803,1.21
804,0.8
805,1
806,1.23
807,1.16
808,1.33
809,1.3
810,1.4
811,1.29
812,0.75
813,1.04
814,0.74
815,1.02
816,0.34
817,0.6
818,0.36
819,0.38
820,0.73
821,1.14
822,1.28
823,0.78
824,1.02
825,0.38
826,1
827,1.15
828,1.24
829,0.32
830,0.94
831,1.11
832,0.59
833,0.76
834,0.74
835,0.61
836,0.97
837,0.65
838,0.9
839,0.74
840,0.62
841,1.12
842,0.88
843,1.33
844,1.39
845,1.14
846,0.5
847,0.52
848,0.81
849,1.05
850,0.81
851,1.21
852,1.18
853,1.85
854,1.66
855,1.38
856,2.04
857,0.98
858,1.73
859,0.9
860,1.65
861,0.87
862,1.07
863,1.11
864,1
865,1.26
866,1.14
867,0.97
868,0.16
869,1.2
870,0.44
871,1.18
872,0.48
873,0.89
874,0.61
875,0.7
876,1.29
877,0.7
878,0.41
879,0.85
880,0.82
881,0.77
882,0.63
883,0.98
884,0.42
885,0.58
886,0.69
887,0.81
888,1.15
889,0.94
890,1.98
891,1.07
892,0.74
893,1.07
894,1
895,1.07
896,1.1
897,0.53
898,1.23
899,1.79
900,0.85
901,0.72
902,1.52
903,0.8
904,1.01
905,1.8
906,0.4
907,0.33
908,1.6
909,0.8
910,0.85
911,1.35
912,0.86
913,1
914,0.79
915,0.94
916,1.46
917,1.28
918,0.98
919,1.38
920,1.03
921,1.04
922,0.55
923,1.23
924,0.53
925,1.17
926,0.71
927,0.56
928,1.09
929,1.05
930,0.54
931,0.65
932,0.96
933,1.03
934,0.96
935,0.35
936,1.4
937,0.62
938,0.78
939,0.66
940,0.93
941,0.99
942,0.99
943,0.86
944,1.67
945,1.06
946,1.32
947,1.09
948,1
949,1.63
950,1.42
951,0.52
952,0.43
953,0.73
954,0.53
955,0.82
956,1.35
957,1.07
958,0.45
959,1.39
960,1.43
961,1.07
962,1.21
963,1.48
964,1.04
965,1.38
966,1.72
967,1.56
968,1.58
969,1.44
970,2.09
971,0.86
972,0.52
973,1.22
974,1
975,0.37
976,0.91
977,0.8
978,1.01
979,0.77
980,0.55
981,0.3
982,0.84
983,0.29
984,0.78
985,0.77
986,0.8
987,1.21
988,1.77
989,1.75
990,1.08
991,0.95
992,0.76
993,0.25
994,0.71
995,0.95
996,0.9
997,1.21
998,1.1
999,0.4
1000,0.83
1001,0.32
1002,0.63
1003,0.47
1004,0.65
1005,0.07
1006,0.81
1007,0.73
1008,0.96
1009,0.88
1010,0.61
1011,0.82
1012,0.72
1013,0.37
1014,0.3
1015,1.21
1016,1.54
1017,1.47
1018,1.68
1019,1.02
1020,2.04
1021,1.44
1022,1.34
1023,1.6
1024,2.32
1025,2.1
1026,1.61
1027,1.18
1028,1.7
1029,1.56
1030,0.78
1031,0.85
1032,1.51
1033,1.44
1034,0.95
1035,0.44
1036,0.42
1037,0.83
1038,0.92
1039,0.96
1040,1.28
1041,0.72
1042,1.19
1043,0.97
1044,0.58
1045,0.48
1046,0.59
1047,0.56
1048,0.18
1049,0.47
1050,0.92
1051,1
1052,1.68
1053,1.21
1054,1.32
1055,1.34
1056,1.06
1057,1.22
1058,0.96
1059,1.21
1060,1.49
1061,1.89
1062,0.81
1063,1.31
1064,1.14
1065,1.62
1066,1.48
1067,0.66
1068,0.19
1069,1.2
1070,0.84
1071,0.86
1072,1.26
1073,0.81
1074,0.84
1075,0.67
1076,0.74
1077,1
1078,0.67
1079,1.05
1080,0.95
1081,0.75
1082,1.85
1083,0.62
1084,0.81
1085,0.52
1086,0.77
1087,0.97
1088,1.2
1089,0.98
1090,0.09
1091,0.4
1092,0.86
1093,0.48
1094,0.8
1095,1.6
1096,1.12
1097,0.27
1098,0.89
1099,0.54
1100,0.65
1101,1.04
1102,0.86
1103,0.88
1104,1.04
1105,0.65
1106,0.62
1107,0.56
1108,0.43
1109,0.78
1110,0.89
1111,1.01
1112,1.62
1113,0.9
1114,1.65
1115,1.52
1116,1.74
1117,2.05
1118,1.7
1119,1.93
1120,1.76
1121,1.08
1122,1.43
1123,0.97
1124,0.84
1125,0.83
1126,0.7
1127,0.79
1128,1.29
1129,1.72
1130,1.26
1131,0.55
1132,0.8
1133,0.98
1134,0.51
1135,0.48
1136,0.48
1137,0.68
1138,0.79
1139,0.68
1140,0.35
1141,1.1
1142,0.75
1143,0.59
1144,0.95
1145,0.98
1146,0.43
1147,0.53
1148,0.49
1149,0.83
1150,0.5
1151,0.63
1152,0.88
1153,0.95
1154,0.88
1155,1.31
1156,0.44
1157,0.77
1158,0.82
1159,1.15
1160,1.03
1161,0.53
1162,1.12
1163,1.26
1164,1.17
1165,0.76
1166,0.41
1167,1.16
1168,0.77
1169,0.62
1170,1.17
1171,1.46
1172,1.42
1173,1.19
1174,0.72
1175,0.73
1176,0.68
1177,0.3
1178,0.96
1179,1.25
1180,0.97
1181,0.95
1182,0.63
1183,1.55
1184,1.83
1185,1.54
1186,0.66
1187,0.94
1188,1.21
1189,0.94
1190,1.19
1191,1.33
1192,0.75
1193,0.83
1194,1.39
1195,1.74
1196,1.69
1197,1.46
1198,0.92
1199,0.91
1200,1.52
1201,1.65
1202,1.35
1203,1.15
1204,0.88
1205,0.49
1206,0.46
1207,1.03
1208,0.89
1209,1.5
1210,1.18
1211,1.32
1212,1.06
1213,0.92
1214,0.44
1215,0.29
1216,0.46
1217,0.35
1218,0.45
1219,1.07
1220,0.76
1221,0.59
1222,0.79
1223,1.59
1224,0.91
1225,0.58
1226,0.81
1227,0.36
1228,0.92
1229,0.88
1230,1.1
1231,1.37
1232,1.36
1233,0.84
1234,0.59
1235,0.88
1236,1.2
1237,1.25
1238,1.85
1239,1.38
1240,0.63
1241,1.77
1242,0.99
1243,0.61
1244,0.67
1245,0.61
1246,0.41
1247,0.82
1248,0.79
1249,1.24
1250,0.95
1251,0.63
1252,0.56
1253,1.02
1254,0.03
1255,0.78
1256,0.99
1257,0.87
1258,0.25
1259,1.1
1260,0.96
1261,0.9
1262,1.42
1263,0.93
1264,0.96
1265,0.73
1266,1.37
1267,0.87
1268,1.3
1269,0.76
1270,0.98
1271,1.08
1272,1.31
1273,0.71
1274,0.62
1275,1.48
1276,0.41
1277,1.43
1278,0.52
1279,1.12
1280,0.77
1281,1.23
1282,1.15
1283,0.92
1284,0.63
1285,0.76
1286,0.27
1287,0.67
1288,0.27
1289,0.78
1290,1.63
1291,0.97
1292,1.11
1293,1.15
1294,0.75
1295,0.86
1296,0.92
1297,0.97
1298,1.21
1299,0.78
1300,0.94
1301,1
1302,1.18
1303,0.94
1304,0.88
1305,1.24
1306,0.97
1307,1.16
1308,1.2
1309,1.64
1310,2.19
1311,1.7
1312,1.16
1313,1.94
1314,2.01
1315,0.77
1316,0.35
1317,0.88
1318,1.3
1319,1.24
1320,1.17
1321,0.89
1322,0.83
1323,0.84
1324,0.37
1325,2.22
1326,1.11
1327,1.09
1328,0.42
1329,0.91
1330,1.02
1331,0.94
1332,1.4
1333,1.15
1334,1.07
1335,0.59
1336,0.92
1337,1.04
1338,0.51
1339,0.83
1340,0.81
1341,0.55
1342,0.42
1343,0.56
1344,1.07
1345,0.81
1346,0.85
1347,0.29
1348,1.03
1349,1.41
1350,0.83
1351,0.96
1352,0.48
1353,1.47
1354,1.29
1355,0.64
1356,0.98
1357,0.98
1358,1.49
1359,1.01
1360,0.65
1361,0.82
1362,0.79
1363,0.43
1364,0.93
1365,0.73
1366,0.61
1367,0.79
1368,0.95
1369,0.44
1370,1.19
1371,0.85
1372,0.94
1373,1.17
1374,1.58
1375,0.74
1376,0.51
1377,0.69
1378,1.08
1379,1.12
1380,1.14
1381,1.04
1382,0.75
1383,1.35
1384,0.5
1385,0.74
1386,0.95
1387,0.84
1388,0.61
1389,1.01
1390,0.34
1391,0.71
1392,0.85
1393,0.8
1394,0.69
1395,0.93
1396,0.89
1397,0.64
1398,0.96
1399,0.42
1400,0.44
1401,0.93
1402,0.63
1403,0.48
1404,1.49
1405,0.94
1406,1.08
1407,0.71
1408,1
1409,1.44
1410,1.94
1411,0.79
1412,1.71
1413,0.68
1414,1.71
1415,0.52
1416,1.08
1417,1.12
1418,0.71
1419,0.5
1420,0.79
1421,0.7
1422,0.94
1423,0.79
1424,0.49
1425,0.87
1426,1.37
1427,0.95
1428,1.88
1429,0.88
1430,0.79
1431,1.07
1432,0.97
1433,1.35
1434,1.28
1435,0.78
1436,0.89
1437,0.67
1438,0.5
1439,1.18
1440,1.18
1441,1.18
1442,0.6
1443,0.9
1444,0.99
1445,0.54
1446,0.94
1447,0.96
1448,1.39
1449,0.74
1450,0.52
1451,1.34
1452,1.16
1453,1.15
1454,0.79
1455,0.91
1456,0.96
1457,0.58
1458,1.34
1459,0.92
1460,1.13
1461,0.86
1462,1.57
1463,1.06
1464,0.8
1465,1.05
1466,1.17
1467,0.82
1468,0.82
1469,0.91
1470,0.63
1471,0.21
1472,0.79
1473,0.33
1474,0.58
1475,0.32
1476,0.75
1477,0.7
1478,1.06
1479,0.99
1480,0.3
1481,1.02
1482,0.75
1483,0.87
1484,1.98
1485,1.58
1486,2.1
1487,0.81
1488,1.13
1489,1.1
1490,1.2
1491,1.27
1492,1.36
1493,1.15
1494,1.97
1495,0.48
1496,0.94
1497,0.84
1498,1.45
1499,1.23
1500,0.66
1501,0.97
1502,1.16
1503,0.8
1504,0.94
1505,1.3
1506,0.64
1507,1.26
1508,0.75
1509,1.07
1510,0.73
1511,1.15
1512,1.38
1513,1.35
1514,1.47
1515,1.33
1516,0.4
1517,0.55
1518,0.91
1519,0.98
1520,1.04
1521,0.97
1522,0.28
1523,0.89
1524,0.58
1525,0.84
1526,1.18
1527,0.91
1528,0.88
1529,1.35
1530,1.07
1531,1.2
1532,0.51
1533,0.74
1534,0.95
1535,0.57
1536,1.07
1537,1.01
1538,0.72
1539,1.28
1540,1.36
1541,0.98
1542,0.37
1543,0.97
1544,0.92
1545,0.59
1546,0.91
1547,1.18
1548,0.6
1549,0.87
1550,1.1
1551,0.45
1552,0.95
1553,1.03
1554,1.17
1555,1.53
1556,1.92
1557,1.63
1558,1.06
1559,0.82
1560,0.63
1561,0.73
1562,0.43
1563,0.56
1564,0.68
1565,1.21
1566,0.87
1567,0.65
1568,0.75
1569,0.93
1570,1.23
1571,1.19
1572,1.13
1573,0.54
1574,0.76
1575,0.79
1576,0.58
1577,1.19
1578,0.71
1579,0.3
1580,0.27
1581,0.51
1582,0.55
1583,0.46
1584,0.45
1585,0.33
1586,0.83
1587,0.77
1588,0.96
1589,1.23
1590,0.42
1591,0.85
1592,0.49
1593,0.35
1594,1.12
1595,1.01
1596,1.24
1597,1.78
1598,0.65
1599,1.38
1600,0.63
1601,0.7
1602,1.06
1603,1.17
1604,1.18
1605,1.25
1606,1.44
1607,0.79
1608,1.38
1609,1.18
1610,2.12
1611,1.58
1612,1.54
1613,1.49
1614,1.26
1615,1
1616,0.97
1617,1.49
1618,1.76
1619,1.26
1620,1.45
1621,1.62
1622,0.8
1623,0.69
1624,0.68
1625,0.5
1626,0.76
1627,1.34
1628,0.76
1629,1.08
1630,1.52
1631,0.88
1632,0.67
1633,0.97
1634,1.44
1635,1.17
1636,1.23
1637,1.05
1638,0.54
1639,1.66
1640,1.65
1641,0.98
1642,0.98
1643,1.06
1644,0.82
1645,0.53
1646,1.07
1647,1.24
1648,0.82
1649,0.84
1650,0.85
1651,1.54
1652,1.25
1653,1.15
1654,0.63
1655,1.35
1656,0.81
1657,0.83
1658,0.54
1659,0.49
1660,1.15
1661,1.3
1662,1.01
1663,0.95
1664,0.43
1665,0.98
1666,0.5
1667,0.61
1668,0.51
1669,0.65
1670,0.57
1671,0.61
1672,0.7
1673,0.96
1674,0.9
1675,0.95
1676,0.54
1677,1.08
1678,1.44
1679,1.03
1680,1.68
1681,0.8
1682,0.97
1683,0.99
1684,0.7
1685,0.12
1686,0.84
1687,0.9
1688,0.73
1689,1.52
1690,1.14
1691,0.79
1692,1.4
1693,1.06
1694,0.8
1695,0.96
1696,0.39
1697,0.79
1698,0.74
1699,1.32
1700,0.93
1701,1.58
1702,1.11
1703,1.11
1704,0.51
1705,0.81
1706,1.42
1707,0.77
1708,1.12
1709,0.88
1710,1.77
1711,1.03
1712,1.46
1713,1.39
1714,0.54
1715,0.78
1716,0.58
1717,0.9
1718,1.06
1719,0.34
1720,1.28
1721,1.76
1722,1.54
1723,1.32
1724,1.34
1725,1.22
1726,1.37
1727,0.93
1728,0.76
1729,0.31
1730,0.69
1731,0.74
1732,0.99
1733,0.64
1734,0.87
1735,0.41
1736,0.81
1737,0.43
1738,0.6
1739,0.54
1740,0.76
1741,0.78
1742,0.91
1743,1.57
1744,0.88
1745,1.25
1746,1.55
1747,1.85
1748,0.47
1749,1.67
1750,0.81
1751,0.93
1752,0.41
1753,0.81
1754,1.07
1755,0.7
1756,0.68
1757,0.36
1758,0.9
1759,1.09
1760,0.96
1761,1.25
1762,1.3
1763,0.72
1764,1.35
1765,1.24
1766,1.55
1767,1.32
1768,1.57
1769,1.41
1770,1.92
1771,2.22
1772,1.45
1773,0.46
1774,0.66
1775,0.5
1776,0.82
1777,0.56
1778,0.68
1779,0.49
1780,0.57
1781,0.5
1782,0.67
1783,1.08
1784,1.36
1785,0.66
1786,0.61
1787,0.96
1788,0.68
1789,0.8
1790,0.86
1791,1.1
1792,1.06
1793,1.88
1794,0.92
1795,0.96
1796,0.92
1797,1.15
1798,0.91
1799,1.05
1800,1.27
1801,0.74
1802,1.09
1803,1.3
1804,1.55
1805,0.96
1806,0.1
1807,1.15
1808,0.84
1809,0.75
1810,0.67
1811,0.65
1812,0.67
1813,0.78
1814,0.85
1815,1.38
1816,1.74
1817,1.25
1818,0.45
1819,0.64
1820,1.02
1821,1.32
1822,0.24
1823,0.57
1824,0.74
1825,1.03
1826,0.81
1827,0.92
1828,1.35
1829,0.74
1830,0.82
1831,1.2
1832,1.18
1833,1.37
1834,1.29
1835,1.23
1836,1.13
1837,1.24
1838,1.49
1839,1.98
1840,1.76
1841,1.15
1842,0.89
1843,0.37
1844,0.96
1845,0.79
1846,0.7
1847,0.19
1848,0.64
1849,0.95
1850,0.87
1851,0.42
1852,1.06
1853,0.65
1854,1
1855,1.37
1856,1.45
1857,1.56
1858,1.48
1859,1.01
1860,1.19
1861,0.23
1862,1.27
1863,0.88
1864,0.57
1865,1.09
1866,0.92
1867,1.24
1868,1.65
1869,1.93
1870,0.96
1871,0.57
1872,0.88
1873,0.47
1874,0.97
1875,0.82
1876,0.33
1877,0.96
1878,0.93
1879,0.59
1880,0.35
1881,0.34
1882,1.02
1883,0.72
1884,1.5
1885,1.37
1886,1.32
1887,0.88
1888,1.51
1889,1.14
1890,0.72
1891,1.42
1892,1.18
1893,0.53
1894,0.79
1895,0.98
1896,0.1
1897,1.53
1898,1.27
1899,0.33
1900,0.19
1901,0.75
1902,0.2
1903,1.2
1904,0.03
1905,1.26
1906,1.12
1907,1.52
1908,1.49
1909,0.91
1910,1.04
1911,1.69
1912,1.51
1913,0.58
1914,1.22
1915,1.39
1916,1.45
1917,0.89
1918,1.17
1919,1.8
1920,1.51
1921,1.49
1922,0.81
1923,0.97
1924,1.18
1925,0.57
1926,1.01
1927,1
1928,0.72
1929,0.63
1930,1.01
1931,0.54
1932,1.42
1933,0.98
1934,0.73
1935,1.3
1936,0.83
1937,1.41
1938,1.1
1939,0.64
1940,0.82
1941,1.67
1942,1.51
1943,0.87
1944,1.2
1945,1.1
1946,0.58
1947,0.86
1948,1.23
1949,1.04
1950,0.35
1951,0.14
1952,0.73
1953,0.4
1954,0.49
1955,0.36
1956,0.09
1957,0.58
1958,0.78
1959,0.36
1960,0.89
1961,0.95
1962,1.04
1963,0.77
1964,0.49
1965,1.37
1966,1.06
1967,0.65
1968,1.37
1969,1.32
1970,1.63
1971,0.5
1972,1.11
1973,1.48
1974,0.82
1975,1.32
1976,0.55
1977,0.5
1978,1.39
1979,1.3
1980,1.18
1981,0.75
1982,0.98
1983,1.11
1984,1.27
1985,1.8
1986,1.81
1987,1.58
1988,1.42
1989,0.64
1990,1.04
1991,1.42
1992,1.4
1993,1.09
1994,1.46
1995,1.56
1996,0.26
1997,1.52
1998,0.64
1999,1.59
2000,0.65
2001,0.96
2002,0.03
2003,0.49
2004,1
2005,0.71
2006,0.09
2007,1.13
2008,0.52
2009,0.82
2010,0.91
2011,0.27