Year,MVER
-319,NA
-318,NA
-317,NA
-316,NA
-315,NA
-314,NA
-313,NA
-312,NA
-311,NA
-310,NA
-309,NA
-308,NA
-307,NA
-306,NA
-305,NA
-304,NA
-303,NA
-302,NA
-301,NA
-300,NA
-299,NA
-298,NA
-297,NA
-296,NA
-295,NA
-294,NA
-293,NA
-292,NA
-291,NA
-290,NA
-289,NA
-288,NA
-287,NA
-286,NA
-285,NA
-284,NA
-283,NA
-282,NA
-281,NA
-280,NA
-279,NA
-278,NA
-277,NA
-276,NA
-275,NA
-274,NA
-273,NA
-272,NA
-271,NA
-270,NA
-269,NA
-268,NA
-267,NA
-266,NA
-265,NA
-264,NA
-263,NA
-262,NA
-261,NA
-260,NA
-259,NA
-258,NA
-257,NA
-256,NA
-255,NA
-254,NA
-253,NA
-252,NA
-251,NA
-250,NA
-249,NA
-248,NA
-247,NA
-246,NA
-245,NA
-244,NA
-243,NA
-242,NA
-241,NA
-240,NA
-239,NA
-238,NA
-237,NA
-236,NA
-235,NA
-234,NA
-233,NA
-232,NA
-231,NA
-230,NA
-229,NA
-228,NA
-227,NA
-226,NA
-225,NA
-224,NA
-223,NA
-222,NA
-221,NA
-220,NA
-219,NA
-218,NA
-217,NA
-216,NA
-215,NA
-214,NA
-213,NA
-212,NA
-211,NA
-210,NA
-209,NA
-208,NA
-207,NA
-206,NA
-205,NA
-204,NA
-203,NA
-202,NA
-201,NA
-200,NA
-199,NA
-198,NA
-197,NA
-196,NA
-195,NA
-194,NA
-193,NA
-192,NA
-191,NA
-190,NA
-189,NA
-188,NA
-187,NA
-186,NA
-185,NA
-184,NA
-183,NA
-182,NA
-181,NA
-180,NA
-179,NA
-178,NA
-177,NA
-176,NA
-175,NA
-174,NA
-173,NA
-172,NA
-171,NA
-170,NA
-169,NA
-168,NA
-167,NA
-166,NA
-165,NA
-164,NA
-163,NA
-162,NA
-161,NA
-160,NA
-159,NA
-158,NA
-157,NA
-156,NA
-155,NA
-154,NA
-153,NA
-152,NA
-151,NA
-150,NA
-149,NA
-148,NA
-147,NA
-146,NA
-145,NA
-144,NA
-143,NA
-142,NA
-141,NA
-140,NA
-139,NA
-138,NA
-137,NA
-136,NA
-135,NA
-134,NA
-133,NA
-132,NA
-131,NA
-130,NA
-129,NA
-128,NA
-127,NA
-126,NA
-125,NA
-124,NA
-123,NA
-122,NA
-121,NA
-120,NA
-119,NA
-118,NA
-117,NA
-116,NA
-115,NA
-114,NA
-113,NA
-112,NA
-111,NA
-110,NA
-109,NA
-108,NA
-107,NA
-106,NA
-105,NA
-104,NA
-103,NA
-102,NA
-101,NA
-100,NA
-99,NA
-98,NA
-97,NA
-96,NA
-95,NA
-94,NA
-93,NA
-92,NA
-91,NA
-90,NA
-89,NA
-88,NA
-87,NA
-86,NA
-85,NA
-84,NA
-83,NA
-82,NA
-81,NA
-80,NA
-79,NA
-78,NA
-77,NA
-76,NA
-75,NA
-74,NA
-73,NA
-72,NA
-71,NA
-70,NA
-69,NA
-68,NA
-67,NA
-66,NA
-65,NA
-64,NA
-63,NA
-62,NA
-61,NA
-60,NA
-59,NA
-58,NA
-57,NA
-56,NA
-55,NA
-54,NA
-53,NA
-52,NA
-51,NA
-50,NA
-49,NA
-48,NA
-47,NA
-46,NA
-45,NA
-44,NA
-43,NA
-42,NA
-41,NA
-40,NA
-39,NA
-38,NA
-37,NA
-36,NA
-35,NA
-34,NA
-33,NA
-32,NA
-31,NA
-30,NA
-29,NA
-28,NA
-27,NA
-26,NA
-25,NA
-24,NA
-23,NA
-22,NA
-21,NA
-20,NA
-19,NA
-18,NA
-17,NA
-16,NA
-15,NA
-14,NA
-13,NA
-12,NA
-11,NA
-10,NA
-9,NA
-8,NA
-7,NA
-6,NA
-5,NA
-4,NA
-3,NA
-2,NA
-1,NA
0,NA
1,NA
2,NA
3,NA
4,NA
5,NA
6,NA
7,NA
8,NA
9,NA
10,NA
11,NA
12,NA
13,NA
14,NA
15,NA
16,NA
17,NA
18,NA
19,NA
20,NA
21,NA
22,NA
23,NA
24,NA
25,NA
26,NA
27,NA
28,NA
29,NA
30,NA
31,NA
32,NA
33,NA
34,NA
35,NA
36,NA
37,NA
38,NA
39,NA
40,NA
41,NA
42,NA
43,NA
44,NA
45,NA
46,NA
47,NA
48,NA
49,NA
50,NA
51,NA
52,NA
53,NA
54,NA
55,NA
56,NA
57,NA
58,NA
59,NA
60,NA
61,NA
62,NA
63,NA
64,NA
65,NA
66,NA
67,NA
68,NA
69,NA
70,NA
71,NA
72,NA
73,NA
74,NA
75,NA
76,NA
77,NA
78,NA
79,NA
80,NA
81,NA
82,NA
83,NA
84,NA
85,NA
86,NA
87,NA
88,NA
89,NA
90,NA
91,NA
92,NA
93,NA
94,NA
95,NA
96,NA
97,NA
98,NA
99,NA
100,NA
101,NA
102,NA
103,NA
104,NA
105,NA
106,NA
107,NA
108,NA
109,NA
110,NA
111,NA
112,NA
113,NA
114,NA
115,NA
116,NA
117,NA
118,NA
119,NA
120,NA
121,NA
122,NA
123,NA
124,NA
125,NA
126,NA
127,NA
128,NA
129,NA
130,NA
131,NA
132,NA
133,NA
134,NA
135,NA
136,NA
137,NA
138,NA
139,NA
140,NA
141,NA
142,NA
143,NA
144,NA
145,NA
146,NA
147,NA
148,NA
149,NA
150,NA
151,NA
152,NA
153,NA
154,NA
155,NA
156,NA
157,NA
158,NA
159,NA
160,NA
161,NA
162,NA
163,NA
164,NA
165,NA
166,NA
167,NA
168,NA
169,NA
170,NA
171,NA
172,NA
173,NA
174,NA
175,NA
176,NA
177,NA
178,NA
179,NA
180,NA
181,NA
182,NA
183,NA
184,NA
185,NA
186,NA
187,NA
188,NA
189,NA
190,NA
191,NA
192,NA
193,NA
194,NA
195,NA
196,NA
197,NA
198,NA
199,NA
200,NA
201,NA
202,NA
203,NA
204,NA
205,NA
206,NA
207,NA
208,NA
209,NA
210,NA
211,NA
212,NA
213,NA
214,NA
215,NA
216,NA
217,NA
218,NA
219,NA
220,NA
221,NA
222,NA
223,NA
224,NA
225,NA
226,NA
227,NA
228,NA
229,NA
230,NA
231,NA
232,NA
233,NA
234,NA
235,NA
236,NA
237,NA
238,NA
239,NA
240,NA
241,NA
242,NA
243,NA
244,NA
245,NA
246,NA
247,NA
248,NA
249,NA
250,NA
251,NA
252,NA
253,NA
254,NA
255,NA
256,NA
257,NA
258,NA
259,NA
260,NA
261,NA
262,NA
263,NA
264,NA
265,NA
266,NA
267,NA
268,NA
269,NA
270,NA
271,NA
272,NA
273,NA
274,NA
275,NA
276,NA
277,NA
278,NA
279,NA
280,NA
281,NA
282,NA
283,NA
284,NA
285,NA
286,NA
287,NA
288,NA
289,NA
290,NA
291,NA
292,NA
293,NA
294,NA
295,NA
296,NA
297,NA
298,NA
299,NA
300,NA
301,NA
302,NA
303,NA
304,NA
305,NA
306,NA
307,NA
308,NA
309,NA
310,NA
311,NA
312,NA
313,NA
314,NA
315,NA
316,NA
317,NA
318,NA
319,NA
320,NA
321,NA
322,NA
323,NA
324,NA
325,NA
326,NA
327,NA
328,NA
329,NA
330,NA
331,NA
332,NA
333,NA
334,NA
335,NA
336,NA
337,NA
338,NA
339,NA
340,NA
341,NA
342,NA
343,NA
344,NA
345,NA
346,NA
347,NA
348,NA
349,NA
350,NA
351,NA
352,NA
353,NA
354,NA
355,NA
356,NA
357,NA
358,NA
359,NA
360,NA
361,NA
362,NA
363,NA
364,NA
365,NA
366,NA
367,NA
368,NA
369,NA
370,NA
371,NA
372,NA
373,NA
374,NA
375,NA
376,NA
377,NA
378,NA
379,NA
380,NA
381,NA
382,NA
383,NA
384,NA
385,NA
386,NA
387,NA
388,NA
389,NA
390,NA
391,NA
392,NA
393,NA
394,NA
395,NA
396,NA
397,NA
398,NA
399,NA
400,NA
401,NA
402,NA
403,NA
404,NA
405,NA
406,NA
407,NA
408,NA
409,NA
410,NA
411,NA
412,NA
413,NA
414,NA
415,NA
416,NA
417,NA
418,NA
419,NA
420,NA
421,NA
422,NA
423,NA
424,NA
425,NA
426,NA
427,NA
428,NA
429,NA
430,NA
431,NA
432,NA
433,NA
434,NA
435,NA
436,NA
437,NA
438,NA
439,NA
440,NA
441,NA
442,NA
443,NA
444,NA
445,NA
446,NA
447,NA
448,NA
449,NA
450,NA
451,NA
452,NA
453,NA
454,NA
455,NA
456,NA
457,NA
458,NA
459,NA
460,NA
461,NA
462,NA
463,NA
464,NA
465,NA
466,NA
467,NA
468,NA
469,NA
470,NA
471,NA
472,NA
473,NA
474,NA
475,NA
476,NA
477,NA
478,NA
479,NA
480,NA
481,NA
482,NA
483,NA
484,NA
485,NA
486,NA
487,NA
488,NA
489,NA
490,NA
491,NA
492,NA
493,NA
494,NA
495,NA
496,NA
497,NA
498,NA
499,NA
500,NA
501,NA
502,NA
503,NA
504,NA
505,NA
506,NA
507,NA
508,NA
509,NA
510,NA
511,NA
512,NA
513,NA
514,NA
515,NA
516,NA
517,NA
518,NA
519,NA
520,NA
521,NA
522,NA
523,NA
524,NA
525,NA
526,NA
527,NA
528,NA
529,NA
530,NA
531,NA
532,NA
533,NA
534,NA
535,NA
536,NA
537,NA
538,NA
539,NA
540,NA
541,NA
542,NA
543,NA
544,NA
545,NA
546,NA
547,NA
548,NA
549,NA
550,1.04
551,1.48
552,1.88
553,1.2
554,0.52
555,1.56
556,0.88
557,0.82
558,0.64
559,1.17
560,0.68
561,0.39
562,1.06
563,0.13
564,0.47
565,0.15
566,0.99
567,0.61
568,0.5
569,0.18
570,0.64
571,1.2
572,0.9
573,0.87
574,1.27
575,1.55
576,1.59
577,1.11
578,0.55
579,0.85
580,0.53
581,1.48
582,1.28
583,0.8
584,0.38
585,0.98
586,0.63
587,1.27
588,0.25
589,1.4
590,0.39
591,0.61
592,1.33
593,0.89
594,1
595,1.34
596,0.54
597,0.3
598,1.18
599,0.49
600,0.99
601,1.02
602,0.58
603,0.49
604,0.44
605,0.99
606,0.88
607,0.97
608,1.4
609,1.27
610,0.7
611,0.23
612,0.91
613,0.59
614,0.39
615,0.49
616,0.65
617,0.86
618,0.96
619,0.45
620,0.07
621,1.21
622,1.43
623,1.25
624,1.05
625,0.7
626,1.02
627,1.3
628,1.41
629,1.41
630,1.25
631,0.84
632,0.89
633,0.35
634,0.49
635,1.17
636,2.44
637,1.43
638,1.53
639,0.62
640,0.88
641,1.72
642,0.84
643,1.15
644,0.58
645,0.43
646,0.17
647,0.77
648,1.22
649,1.41
650,1.09
651,0.67
652,1.21
653,1.15
654,1.51
655,1.66
656,2.06
657,0.95
658,1.23
659,1.16
660,0.35
661,0.64
662,0.5
663,0.63
664,0.66
665,1.01
666,1.53
667,2.19
668,1.01
669,0.84
670,1.51
671,0.98
672,2.66
673,2.96
674,0.94
675,1.36
676,2.14
677,0.89
678,0.69
679,0.96
680,0.79
681,0.34
682,1.17
683,1.98
684,2.02
685,2
686,1.04
687,0.43
688,1.75
689,2.29
690,2.27
691,2.38
692,1.46
693,1.69
694,1.8
695,1.87
696,1.3
697,1.28
698,1.1
699,1.19
700,0.98
701,1.32
702,0.95
703,0.75
704,0.29
705,0.71
706,0.27
707,0.23
708,0.58
709,0.05
710,0.54
711,0.57
712,0.58
713,0.7
714,0.79
715,0.89
716,0.77
717,0.36
718,0.26
719,1.05
720,0.96
721,0.69
722,0.7
723,0.64
724,0.33
725,1.03
726,0.76
727,1.29
728,0.87
729,0.82
730,1.25
731,1.64
732,0.85
733,1.83
734,1.06
735,0.85
736,1.2
737,1.23
738,0.16
739,0.69
740,0.99
741,1.03
742,0.17
743,0.85
744,0.77
745,0.78
746,1.01
747,0.93
748,0.27
749,0.98
750,0.61
751,0.18
752,0.98
753,1.08
754,0.82
755,0.91
756,0.38
757,0.18
758,0.96
759,0.98
760,0.51
761,1.29
762,0.6
763,0.81
764,0.63
765,1.06
766,1.2
767,0.5
768,1.48
769,1.05
770,0.76
771,0.76
772,1.39
773,0.93
774,0.6
775,0.67
776,1
777,1.08
778,0.63
779,0.68
780,1.38
781,1.17
782,0.31
783,1.22
784,1.04
785,1.25
786,0.9
787,1.2
788,0.82
789,1.45
790,1.3
791,1.29
792,1.41
793,0.84
794,1.83
795,0.69
796,1.76
797,0.12
798,1.83
799,1.42
800,1.84
801,0.57
802,1.81
803,2.36
804,1.42
805,0.85
806,0.71
807,0.72
808,0.49
809,0
810,1.27
811,0.59
812,0.76
813,1.21
814,1.68
815,1.3
816,1.05
817,0.48
818,0.53
819,0.25
820,1.46
821,1.65
822,1.6
823,0.25
824,0.68
825,0.56
826,1.11
827,0.62
828,1.23
829,0.26
830,0.45
831,1.08
832,1.02
833,0.72
834,0.56
835,0.43
836,1.24
837,0.72
838,1.03
839,0.7
840,0.22
841,0.85
842,0.48
843,1.02
844,0.4
845,0.98
846,0.65
847,0.32
848,0.89
849,0.68
850,0.96
851,0.6
852,1.64
853,1.45
854,1.71
855,1.29
856,1.48
857,0.47
858,1.52
859,0.84
860,1.33
861,1.39
862,1.86
863,0.45
864,1.46
865,1.14
866,0.74
867,0.24
868,0.55
869,1.49
870,0.65
871,1.16
872,1.12
873,1.08
874,1.11
875,1.17
876,1.33
877,0.39
878,0.6
879,0.97
880,0.52
881,1.07
882,0.97
883,0.58
884,0.28
885,1.13
886,1.21
887,1.29
888,1.07
889,1.3
890,1.44
891,1.16
892,0.59
893,1.15
894,0.38
895,0.52
896,1.87
897,1.56
898,1.36
899,2.27
900,2.12
901,0.7
902,1.59
903,0.66
904,0.84
905,1.53
906,0.2
907,0.24
908,1.21
909,1.58
910,1.62
911,1.94
912,1.79
913,1.54
914,1.71
915,1.45
916,0.98
917,1.54
918,1.4
919,1.63
920,1.14
921,1.3
922,0.46
923,0.25
924,0.42
925,0.85
926,1.04
927,0.81
928,1.21
929,1.46
930,0.53
931,1.21
932,1.08
933,0.91
934,1.05
935,1.06
936,1.15
937,0.5
938,1.23
939,0.69
940,0.84
941,1.1
942,1.34
943,1.13
944,1.4
945,1.11
946,1.54
947,1.44
948,1.7
949,1.38
950,1.38
951,0.91
952,1.39
953,0.76
954,0.56
955,0.51
956,1.49
957,0.5
958,0.52
959,0.99
960,1.45
961,1.07
962,1.46
963,1.02
964,1.12
965,0.78
966,1.66
967,1.35
968,0.99
969,0.66
970,1.08
971,1.29
972,0.2
973,1.98
974,1.8
975,0.84
976,0.82
977,1.57
978,0.76
979,0.92
980,0.1
981,0.15
982,1.05
983,0.42
984,0.56
985,0.96
986,0.89
987,1.61
988,1.82
989,2.29
990,1.3
991,0.39
992,0.86
993,0.72
994,0.89
995,0.91
996,1.2
997,0.78
998,0.93
999,0.65
1000,0.89
1001,0.5
1002,0.49
1003,0.86
1004,0.69
1005,0.05
1006,1.05
1007,0.99
1008,1.01
1009,0.27
1010,0.71
1011,0.8
1012,0.93
1013,0.58
1014,0.81
1015,1.03
1016,1.08
1017,1.13
1018,0.68
1019,0.17
1020,1.05
1021,1.02
1022,0.82
1023,1.11
1024,1.17
1025,1.18
1026,0.84
1027,0.97
1028,0.94
1029,1.04
1030,0.52
1031,0.64
1032,0.38
1033,0.41
1034,0.83
1035,0.46
1036,0.4
1037,0.97
1038,0.72
1039,0.76
1040,0.74
1041,0.36
1042,1.05
1043,0.71
1044,0.53
1045,0.71
1046,0.37
1047,0.96
1048,0.32
1049,1
1050,0.94
1051,0.65
1052,1.03
1053,0.73
1054,1.06
1055,0.42
1056,1.12
1057,0.94
1058,1.2
1059,0.94
1060,0.8
1061,1.04
1062,0.34
1063,1.73
1064,1.5
1065,1.82
1066,1.27
1067,0.71
1068,0.52
1069,1.1
1070,1.18
1071,0.7
1072,1.19
1073,0.97
1074,1.1
1075,1.2
1076,1.25
1077,1.24
1078,1.15
1079,1.45
1080,2.09
1081,0.77
1082,0.8
1083,0.86
1084,1.28
1085,0.3
1086,0.81
1087,1.45
1088,1.49
1089,1.21
1090,0.16
1091,0.57
1092,1.01
1093,0.47
1094,0.85
1095,0.88
1096,1.04
1097,0.61
1098,0.95
1099,0.56
1100,0.98
1101,0.64
1102,1.48
1103,1.47
1104,1.1
1105,1.24
1106,0.65
1107,1.33
1108,1.09
1109,1.1
1110,1.3
1111,0.93
1112,1.8
1113,1.09
1114,1.68
1115,1.65
1116,2.04
1117,2.25
1118,1.61
1119,1.65
1120,1.5
1121,1.01
1122,2.02
1123,0.62
1124,1.97
1125,1.41
1126,0.46
1127,1.32
1128,1.61
1129,1.82
1130,1.05
1131,0.24
1132,1.36
1133,0.46
1134,0.71
1135,0.54
1136,0.59
1137,0.51
1138,0.78
1139,0.87
1140,0.31
1141,0.9
1142,0.77
1143,0.75
1144,0.93
1145,1.07
1146,0.55
1147,0.56
1148,0.57
1149,0.81
1150,0.16
1151,0.3
1152,1.15
1153,0.9
1154,0.55
1155,1.09
1156,0.35
1157,0.79
1158,0.39
1159,1.44
1160,1.13
1161,0.47
1162,1.16
1163,1.31
1164,0.72
1165,1.02
1166,0.41
1167,0.88
1168,0.62
1169,0.38
1170,0.8
1171,1
1172,0.91
1173,1.08
1174,0.75
1175,0.6
1176,0.66
1177,0.5
1178,0.7
1179,0.55
1180,0.8
1181,0.85
1182,0.52
1183,0.69
1184,1.28
1185,0.93
1186,0.15
1187,0.87
1188,0.73
1189,0.86
1190,1.26
1191,0.56
1192,0.57
1193,0.85
1194,1.15
1195,1.19
1196,1.16
1197,1.2
1198,0.74
1199,0.64
1200,1.22
1201,1.28
1202,0.72
1203,1.11
1204,0.94
1205,0.47
1206,0.86
1207,0.9
1208,0.82
1209,0.89
1210,1.01
1211,1.24
1212,1
1213,0.92
1214,0.87
1215,0.41
1216,0.34
1217,0.17
1218,0.6
1219,0.91
1220,0.64
1221,0.62
1222,0.96
1223,1.03
1224,0.94
1225,1.12
1226,0.96
1227,0.23
1228,0.86
1229,0.87
1230,0.84
1231,0.94
1232,0.89
1233,0.73
1234,0.55
1235,0.7
1236,0.55
1237,0.75
1238,1.18
1239,1.21
1240,0.78
1241,0.98
1242,0.8
1243,0.87
1244,0.88
1245,1.03
1246,0.67
1247,0.92
1248,1.51
1249,1.61
1250,1.11
1251,1.06
1252,1.13
1253,1.5
1254,0.18
1255,1.21
1256,1.19
1257,1.54
1258,0.96
1259,1.48
1260,1.14
1261,1.58
1262,2.05
1263,0.75
1264,1.62
1265,1.87
1266,1.28
1267,1.6
1268,1.44
1269,2.02
1270,1.33
1271,2.19
1272,1.6
1273,0.6
1274,0.64
1275,1.06
1276,0.63
1277,0.75
1278,0.43
1279,0.81
1280,0.4
1281,0.92
1282,0.96
1283,0.4
1284,0.75
1285,0.66
1286,1.01
1287,0.87
1288,0.56
1289,0.94
1290,1.61
1291,1.2
1292,0.72
1293,1.01
1294,1.17
1295,0.24
1296,0.8
1297,0.95
1298,1.26
1299,0.69
1300,0.95
1301,1.35
1302,1.61
1303,1.66
1304,0.96
1305,1.85
1306,1.02
1307,0.66
1308,0.6
1309,1.77
1310,1.62
1311,1.6
1312,2.25
1313,2.64
1314,1.3
1315,1.48
1316,0.15
1317,0.92
1318,1.08
1319,1.52
1320,1.59
1321,1.79
1322,1.25
1323,1.08
1324,0.92
1325,2.19
1326,1.62
1327,1.47
1328,1.16
1329,1.02
1330,1.66
1331,1.48
1332,1.72
1333,2.18
1334,1.82
1335,1.21
1336,1.93
1337,2.06
1338,0.55
1339,1.31
1340,0.75
1341,1
1342,0.89
1343,0.91
1344,0.78
1345,1.09
1346,0.79
1347,0.52
1348,0.88
1349,0.97
1350,0.48
1351,0.38
1352,0.59
1353,1.46
1354,1.31
1355,0.92
1356,1.19
1357,1.08
1358,1.19
1359,1.33
1360,0.85
1361,0.74
1362,0.57
1363,0.48
1364,0.37
1365,0.68
1366,0.95
1367,0.52
1368,0.82
1369,0.57
1370,1.14
1371,0.83
1372,0.89
1373,0.72
1374,1.26
1375,0.54
1376,0.45
1377,0.59
1378,1.03
1379,0.82
1380,1.82
1381,1.04
1382,1.64
1383,1.89
1384,1.35
1385,1.18
1386,1.31
1387,0.8
1388,1.05
1389,0.54
1390,0.16
1391,0.68
1392,0.79
1393,0.78
1394,0.88
1395,0.88
1396,0.5
1397,0.66
1398,0.35
1399,0.42
1400,0.3
1401,0.34
1402,0.3
1403,0.26
1404,0.58
1405,0.48
1406,0.87
1407,0.67
1408,0.84
1409,1.31
1410,1.15
1411,0.34
1412,1.14
1413,0.06
1414,1.14
1415,0.42
1416,0.66
1417,0.96
1418,0.63
1419,0.66
1420,0.72
1421,0.4
1422,0.74
1423,0.54
1424,0.79
1425,0.67
1426,1.08
1427,0.94
1428,1.02
1429,0.98
1430,0.98
1431,0.99
1432,1.18
1433,1.18
1434,0.78
1435,0.79
1436,1
1437,0.88
1438,0.36
1439,0.71
1440,0.75
1441,1.12
1442,0.48
1443,0.77
1444,0.78
1445,0.59
1446,0.48
1447,0.67
1448,0.72
1449,0.48
1450,0.31
1451,1.24
1452,0.78
1453,0.97
1454,1
1455,0
1456,0.81
1457,0.18
1458,1.33
1459,0.78
1460,0.85
1461,0.51
1462,1.32
1463,0.89
1464,0.17
1465,0.45
1466,1.03
1467,1.35
1468,0.99
1469,1.24
1470,1.07
1471,0.31
1472,0.69
1473,0.29
1474,0.8
1475,0.47
1476,0.95
1477,1.2
1478,1.09
1479,0.6
1480,0.4
1481,0.65
1482,0.84
1483,0.82
1484,1.45
1485,1.15
1486,1.24
1487,0.74
1488,1.07
1489,1.06
1490,1.16
1491,1.98
1492,1.19
1493,1.2
1494,1.2
1495,0
1496,0.77
1497,0.79
1498,1.37
1499,0.89
1500,0.03
1501,0.64
1502,1.02
1503,0.97
1504,1.03
1505,0.45
1506,0.16
1507,0.72
1508,0.81
1509,1.29
1510,0.56
1511,1.19
1512,1.41
1513,1.42
1514,1.64
1515,0.98
1516,0.31
1517,0.72
1518,0.35
1519,1.08
1520,1.21
1521,0.8
1522,0.26
1523,0.69
1524,0.7
1525,0.83
1526,1.24
1527,1.3
1528,0.8
1529,0.98
1530,1.2
1531,0.92
1532,0.12
1533,0.85
1534,0.86
1535,0.82
1536,1.24
1537,1.12
1538,0.61
1539,0.9
1540,1.28
1541,1.01
1542,0.1
1543,1.1
1544,0.59
1545,0.82
1546,0.79
1547,0.52
1548,0.83
1549,0.85
1550,1.55
1551,0.86
1552,1.08
1553,1.45
1554,0.74
1555,0.98
1556,2.13
1557,1.6
1558,1.18
1559,1.02
1560,1.24
1561,0.66
1562,0.66
1563,1.2
1564,1.08
1565,1.27
1566,0.74
1567,0.49
1568,1.26
1569,0.84
1570,1.43
1571,1.17
1572,1.19
1573,0.51
1574,0.41
1575,0.77
1576,0.8
1577,0.8
1578,0.71
1579,0.21
1580,0.43
1581,0.6
1582,0.38
1583,0.23
1584,0
1585,0
1586,0.87
1587,0.28
1588,0.96
1589,0.62
1590,0.12
1591,0.93
1592,0.59
1593,0.59
1594,1.23
1595,1.05
1596,0.83
1597,0.87
1598,0.67
1599,1.11
1600,0.3
1601,1.14
1602,0.98
1603,0.71
1604,0.77
1605,1.31
1606,1.17
1607,0.71
1608,1.46
1609,1.33
1610,1.71
1611,1.17
1612,0.77
1613,1.36
1614,1.04
1615,1.38
1616,1.47
1617,1.83
1618,1.85
1619,0.97
1620,1.67
1621,1.74
1622,1.25
1623,0.63
1624,0.63
1625,0.68
1626,0.46
1627,1.03
1628,0.8
1629,1.17
1630,1.19
1631,1.09
1632,0.42
1633,1.28
1634,1.12
1635,1.61
1636,0.56
1637,0.73
1638,0.9
1639,0.79
1640,1.28
1641,1.24
1642,1.08
1643,1.1
1644,0.84
1645,0.84
1646,1.38
1647,1.32
1648,0.54
1649,1.15
1650,1.38
1651,1.62
1652,0.71
1653,1.56
1654,0.19
1655,1.61
1656,1.41
1657,0.77
1658,0.56
1659,0.93
1660,1.09
1661,0.52
1662,0.65
1663,0.59
1664,0.4
1665,1.23
1666,0.4
1667,0.31
1668,0.49
1669,0.5
1670,0.57
1671,0.75
1672,0.76
1673,1.12
1674,1.22
1675,1.2
1676,0.49
1677,0.9
1678,1.22
1679,0.58
1680,1.04
1681,1.11
1682,1.19
1683,1.32
1684,0.85
1685,0.08
1686,0.9
1687,0.84
1688,0.91
1689,1.13
1690,1.38
1691,1.04
1692,1.4
1693,1.19
1694,0.77
1695,0.92
1696,0.49
1697,0.92
1698,1.11
1699,1.27
1700,1.13
1701,1.47
1702,0.76
1703,1.01
1704,0.6
1705,1.17
1706,1.44
1707,0.53
1708,0.93
1709,0.88
1710,1.43
1711,1.12
1712,1.2
1713,0.72
1714,0.62
1715,0.94
1716,0.52
1717,0.66
1718,0.9
1719,1.12
1720,1.84
1721,1.06
1722,0.8
1723,1.25
1724,0.46
1725,1.43
1726,1.22
1727,1.4
1728,0.78
1729,0.01
1730,0.81
1731,0.75
1732,0.98
1733,0.6
1734,1.33
1735,0.4
1736,0.9
1737,0.67
1738,0.82
1739,0.56
1740,0.53
1741,0.72
1742,0.68
1743,1.13
1744,0.94
1745,1.28
1746,1.56
1747,1.97
1748,0.42
1749,1.6
1750,0.97
1751,0.92
1752,0.58
1753,0.65
1754,0.7
1755,0.49
1756,0.72
1757,0.34
1758,0.66
1759,0.8
1760,0.58
1761,0.67
1762,0.85
1763,0.87
1764,0.94
1765,0.55
1766,1.31
1767,0.43
1768,1.1
1769,1.12
1770,0.77
1771,1.47
1772,1.04
1773,0.13
1774,0.78
1775,0.68
1776,0.81
1777,0.83
1778,0.47
1779,0.8
1780,0.42
1781,0.79
1782,0.28
1783,1.12
1784,1.03
1785,1.06
1786,0.72
1787,1.04
1788,0.58
1789,0.6
1790,0.22
1791,1.24
1792,1.25
1793,1.29
1794,0.71
1795,0.67
1796,0.64
1797,0.96
1798,0.9
1799,0.92
1800,0.9
1801,0.73
1802,1.3
1803,0.78
1804,1.2
1805,0.5
1806,0.56
1807,1.09
1808,0.43
1809,0.75
1810,0.66
1811,1.05
1812,1.04
1813,0.43
1814,0.82
1815,1.1
1816,1.72
1817,1.61
1818,0.36
1819,0.29
1820,0.2
1821,1.48
1822,0.71
1823,0.27
1824,0.56
1825,0.93
1826,1.04
1827,0.72
1828,1.12
1829,0.83
1830,0.87
1831,0.8
1832,1.45
1833,1.45
1834,0.93
1835,1.37
1836,1.31
1837,1.18
1838,1.49
1839,1.67
1840,1.89
1841,1.29
1842,0.69
1843,1.44
1844,1.45
1845,0.55
1846,1.3
1847,0.08
1848,1.33
1849,1.33
1850,1.43
1851,0.43
1852,1.44
1853,1.28
1854,0.93
1855,1.17
1856,1.26
1857,0.84
1858,1.28
1859,0.73
1860,0.88
1861,0
1862,1.34
1863,0.96
1864,0.24
1865,1.13
1866,1.06
1867,1.62
1868,1.34
1869,1.58
1870,0.53
1871,0.64
1872,0.38
1873,0.86
1874,0.94
1875,0.79
1876,0.47
1877,1.61
1878,0.71
1879,0.85
1880,0.77
1881,0.75
1882,0.62
1883,0.62
1884,1.06
1885,1.23
1886,1.17
1887,0.5
1888,1.64
1889,1.3
1890,1.46
1891,1.55
1892,1.39
1893,0.67
1894,0.46
1895,0.93
1896,0.15
1897,1.4
1898,1.12
1899,0.14
1900,0.51
1901,1.06
1902,0
1903,1.12
1904,0
1905,1.14
1906,1.15
1907,1.62
1908,1.18
1909,1.69
1910,1.48
1911,1.61
1912,2.01
1913,1
1914,2.01
1915,2.38
1916,2.12
1917,2.16
1918,0.75
1919,1.5
1920,2.21
1921,1.6
1922,1.8
1923,1.02
1924,1.39
1925,0.93
1926,1.89
1927,1.33
1928,1.67
1929,1.17
1930,1.14
1931,1.18
1932,1.72
1933,0.89
1934,0.45
1935,1.26
1936,0.75
1937,1.2
1938,1.38
1939,1.11
1940,1
1941,1.98
1942,1.63
1943,1.23
1944,1.25
1945,1.09
1946,0.57
1947,1.26
1948,1.4
1949,1.83
1950,0.86
1951,0.3
1952,1.43
1953,0.64
1954,0.78
1955,0.96
1956,0.69
1957,1.32
1958,1.47
1959,0.28
1960,1.34
1961,0.96
1962,0.82
1963,0.82
1964,0.92
1965,1.38
1966,1.36
1967,0.97
1968,1.1
1969,1.1
1970,1.13
1971,1.11
1972,0.94
1973,1.59
1974,0.9
1975,1.52
1976,0.94
1977,0.48
1978,1.38
1979,1.6
1980,1.55
1981,0.64
1982,1.39
1983,1.81
1984,1.5
1985,1.65
1986,1.77
1987,2.33
1988,2.11
1989,1.26
1990,NA
1991,NA
1992,NA
1993,NA
1994,NA
1995,NA
1996,NA
1997,NA
1998,NA
1999,NA
2000,NA
2001,NA
2002,NA
2003,NA
2004,NA
2005,NA
2006,NA
2007,NA
2008,NA
2009,NA
2010,NA
2011,NA